file_name,stem,extension,path,relative_path,size_mb,modified_at,top_folder,is_in_control_folder
GEOSP-TRN-001426_GS_ORTOFOTO EB2 28-12-2025.tif,GEOSP-TRN-001426_GS_ORTOFOTO EB2 28-12-2025,.tif,\\amssclgis10.ams.gmams.cl\CL_MLP_PAO\Vuelos_Drone_Sin_Procesar\INPUT\20260206_Geosupport_primera entrega\SOLO_TIF_02Jun26\GEOSP-TRN-001426_GS_ORTOFOTO EB2 28-12-2025.tif,20260206_Geosupport_primera entrega\SOLO_TIF_02Jun26\GEOSP-TRN-001426_GS_ORTOFOTO EB2 28-12-2025.tif,110.944,2026-06-11 10:37:57,20260206_Geosupport_primera entrega,True
GEOSP-TRN-001492_GS_ORTOFOTO_Estacion de bombeo n°2.tif,GEOSP-TRN-001492_GS_ORTOFOTO_Estacion de bombeo n°2,.tif,\\amssclgis10.ams.gmams.cl\CL_MLP_PAO\Vuelos_Drone_Sin_Procesar\INPUT\20260206_Geosupport_primera entrega\SOLO_TIF_02Jun26\GEOSP-TRN-001492_GS_ORTOFOTO_Estacion de bombeo n°2.tif,20260206_Geosupport_primera entrega\SOLO_TIF_02Jun26\GEOSP-TRN-001492_GS_ORTOFOTO_Estacion de bombeo n°2.tif,155.039,2026-06-11 10:38:02,20260206_Geosupport_primera entrega,True
GEOSP-TRN-001553_GS_ORTOFOTO_EB2_20-12-2025.tif,GEOSP-TRN-001553_GS_ORTOFOTO_EB2_20-12-2025,.tif,\\amssclgis10.ams.gmams.cl\CL_MLP_PAO\Vuelos_Drone_Sin_Procesar\INPUT\20260206_Geosupport_primera entrega\SOLO_TIF_02Jun26\GEOSP-TRN-001553_GS_ORTOFOTO_EB2_20-12-2025.tif,20260206_Geosupport_primera entrega\SOLO_TIF_02Jun26\GEOSP-TRN-001553_GS_ORTOFOTO_EB2_20-12-2025.tif,147.589,2026-06-11 10:38:05,20260206_Geosupport_primera entrega,True
GEOSP-TRN-001642_ORTOFOTO_EB2_03-01-2026.tif,GEOSP-TRN-001642_ORTOFOTO_EB2_03-01-2026,.tif,\\amssclgis10.ams.gmams.cl\CL_MLP_PAO\Vuelos_Drone_Sin_Procesar\INPUT\20260206_Geosupport_primera entrega\SOLO_TIF_02Jun26\GEOSP-TRN-001642_ORTOFOTO_EB2_03-01-2026.tif,20260206_Geosupport_primera entrega\SOLO_TIF_02Jun26\GEOSP-TRN-001642_ORTOFOTO_EB2_03-01-2026.tif,180.745,2026-06-11 10:38:07,20260206_Geosupport_primera entrega,True
GEOSP-TRN-001732_GS_ORTOFOTO_EB2_17-01-26.tif,GEOSP-TRN-001732_GS_ORTOFOTO_EB2_17-01-26,.tif,\\amssclgis10.ams.gmams.cl\CL_MLP_PAO\Vuelos_Drone_Sin_Procesar\INPUT\20260206_Geosupport_primera entrega\SOLO_TIF_02Jun26\GEOSP-TRN-001732_GS_ORTOFOTO_EB2_17-01-26.tif,20260206_Geosupport_primera entrega\SOLO_TIF_02Jun26\GEOSP-TRN-001732_GS_ORTOFOTO_EB2_17-01-26.tif,164.324,2026-06-11 10:38:09,20260206_Geosupport_primera entrega,True
GEOSP-TRN-001784_GS_ORTOFOTO_Estacion de bombeo n°2.tif,GEOSP-TRN-001784_GS_ORTOFOTO_Estacion de bombeo n°2,.tif,\\amssclgis10.ams.gmams.cl\CL_MLP_PAO\Vuelos_Drone_Sin_Procesar\INPUT\20260206_Geosupport_primera entrega\SOLO_TIF_02Jun26\GEOSP-TRN-001784_GS_ORTOFOTO_Estacion de bombeo n°2.tif,20260206_Geosupport_primera entrega\SOLO_TIF_02Jun26\GEOSP-TRN-001784_GS_ORTOFOTO_Estacion de bombeo n°2.tif,96.611,2026-06-11 10:38:11,20260206_Geosupport_primera entrega,True
GEOSP-TRN-001868_GS_ORTOFOTO EB2 04-02-2026.tif,GEOSP-TRN-001868_GS_ORTOFOTO EB2 04-02-2026,.tif,\\amssclgis10.ams.gmams.cl\CL_MLP_PAO\Vuelos_Drone_Sin_Procesar\INPUT\20260206_Geosupport_primera entrega\SOLO_TIF_02Jun26\GEOSP-TRN-001868_GS_ORTOFOTO EB2 04-02-2026.tif,20260206_Geosupport_primera entrega\SOLO_TIF_02Jun26\GEOSP-TRN-001868_GS_ORTOFOTO EB2 04-02-2026.tif,128.088,2026-06-11 10:38:15,20260206_Geosupport_primera entrega,True
GEOSP-TRN-001975_GS_ORTOFOTO_Estacion de bombeo n°2.tif,GEOSP-TRN-001975_GS_ORTOFOTO_Estacion de bombeo n°2,.tif,\\amssclgis10.ams.gmams.cl\CL_MLP_PAO\Vuelos_Drone_Sin_Procesar\INPUT\20260206_Geosupport_primera entrega\SOLO_TIF_02Jun26\GEOSP-TRN-001975_GS_ORTOFOTO_Estacion de bombeo n°2.tif,20260206_Geosupport_primera entrega\SOLO_TIF_02Jun26\GEOSP-TRN-001975_GS_ORTOFOTO_Estacion de bombeo n°2.tif,147.604,2026-06-11 10:38:18,20260206_Geosupport_primera entrega,True
GEOSP-TRN-002016_GS_ORTOFOTO_EB2_26-02-26.tif,GEOSP-TRN-002016_GS_ORTOFOTO_EB2_26-02-26,.tif,\\amssclgis10.ams.gmams.cl\CL_MLP_PAO\Vuelos_Drone_Sin_Procesar\INPUT\20260206_Geosupport_primera entrega\SOLO_TIF_02Jun26\GEOSP-TRN-002016_GS_ORTOFOTO_EB2_26-02-26.tif,20260206_Geosupport_primera entrega\SOLO_TIF_02Jun26\GEOSP-TRN-002016_GS_ORTOFOTO_EB2_26-02-26.tif,39.182,2026-06-11 10:38:21,20260206_Geosupport_primera entrega,True
GEOSP-TRN-002096_GS_ORTOFOTO_EB2_07-03-2026.tif,GEOSP-TRN-002096_GS_ORTOFOTO_EB2_07-03-2026,.tif,\\amssclgis10.ams.gmams.cl\CL_MLP_PAO\Vuelos_Drone_Sin_Procesar\INPUT\20260206_Geosupport_primera entrega\SOLO_TIF_02Jun26\GEOSP-TRN-002096_GS_ORTOFOTO_EB2_07-03-2026.tif,20260206_Geosupport_primera entrega\SOLO_TIF_02Jun26\GEOSP-TRN-002096_GS_ORTOFOTO_EB2_07-03-2026.tif,225.507,2026-06-11 10:38:24,20260206_Geosupport_primera entrega,True
GEOSP-TRN-002140_GS_ORTOFOTO_EB2_13-03-26.tif,GEOSP-TRN-002140_GS_ORTOFOTO_EB2_13-03-26,.tif,\\amssclgis10.ams.gmams.cl\CL_MLP_PAO\Vuelos_Drone_Sin_Procesar\INPUT\20260206_Geosupport_primera entrega\SOLO_TIF_02Jun26\GEOSP-TRN-002140_GS_ORTOFOTO_EB2_13-03-26.tif,20260206_Geosupport_primera entrega\SOLO_TIF_02Jun26\GEOSP-TRN-002140_GS_ORTOFOTO_EB2_13-03-26.tif,32.226,2026-06-11 10:38:27,20260206_Geosupport_primera entrega,True
GEOSP-TRN-002200_ORTOFOTO COMPLETA.tif,GEOSP-TRN-002200_ORTOFOTO COMPLETA,.tif,\\amssclgis10.ams.gmams.cl\CL_MLP_PAO\Vuelos_Drone_Sin_Procesar\INPUT\20260206_Geosupport_primera entrega\SOLO_TIF_02Jun26\GEOSP-TRN-002200_ORTOFOTO COMPLETA.tif,20260206_Geosupport_primera entrega\SOLO_TIF_02Jun26\GEOSP-TRN-002200_ORTOFOTO COMPLETA.tif,29.916,2026-06-11 10:38:35,20260206_Geosupport_primera entrega,True
GEOSP-TRN-002235_GS_ORTOFOTO_EB2_27-03-26.tif,GEOSP-TRN-002235_GS_ORTOFOTO_EB2_27-03-26,.tif,\\amssclgis10.ams.gmams.cl\CL_MLP_PAO\Vuelos_Drone_Sin_Procesar\INPUT\20260206_Geosupport_primera entrega\SOLO_TIF_02Jun26\GEOSP-TRN-002235_GS_ORTOFOTO_EB2_27-03-26.tif,20260206_Geosupport_primera entrega\SOLO_TIF_02Jun26\GEOSP-TRN-002235_GS_ORTOFOTO_EB2_27-03-26.tif,29.406,2026-06-11 10:38:36,20260206_Geosupport_primera entrega,True
GEOSP-TRN-002300_ortofoto completa.tif,GEOSP-TRN-002300_ortofoto completa,.tif,\\amssclgis10.ams.gmams.cl\CL_MLP_PAO\Vuelos_Drone_Sin_Procesar\INPUT\20260206_Geosupport_primera entrega\SOLO_TIF_02Jun26\GEOSP-TRN-002300_ortofoto completa.tif,20260206_Geosupport_primera entrega\SOLO_TIF_02Jun26\GEOSP-TRN-002300_ortofoto completa.tif,50.335,2026-06-11 10:38:43,20260206_Geosupport_primera entrega,True
GEOSP-TRN-002356_GS_ORTOFOTO_EB2_12-04-26.tif,GEOSP-TRN-002356_GS_ORTOFOTO_EB2_12-04-26,.tif,\\amssclgis10.ams.gmams.cl\CL_MLP_PAO\Vuelos_Drone_Sin_Procesar\INPUT\20260206_Geosupport_primera entrega\SOLO_TIF_02Jun26\GEOSP-TRN-002356_GS_ORTOFOTO_EB2_12-04-26.tif,20260206_Geosupport_primera entrega\SOLO_TIF_02Jun26\GEOSP-TRN-002356_GS_ORTOFOTO_EB2_12-04-26.tif,45.081,2026-06-11 10:38:44,20260206_Geosupport_primera entrega,True
GEOSP-TRN-002415_GS_ORTOFOTO_EB2_190426.tif,GEOSP-TRN-002415_GS_ORTOFOTO_EB2_190426,.tif,\\amssclgis10.ams.gmams.cl\CL_MLP_PAO\Vuelos_Drone_Sin_Procesar\INPUT\20260206_Geosupport_primera entrega\SOLO_TIF_02Jun26\GEOSP-TRN-002415_GS_ORTOFOTO_EB2_190426.tif,20260206_Geosupport_primera entrega\SOLO_TIF_02Jun26\GEOSP-TRN-002415_GS_ORTOFOTO_EB2_190426.tif,42.079,2026-06-11 10:38:47,20260206_Geosupport_primera entrega,True
GEOSP-TRN-002456_ORTOFOTO_CORTADA_EB2_260426.tif,GEOSP-TRN-002456_ORTOFOTO_CORTADA_EB2_260426,.tif,\\amssclgis10.ams.gmams.cl\CL_MLP_PAO\Vuelos_Drone_Sin_Procesar\INPUT\20260206_Geosupport_primera entrega\SOLO_TIF_02Jun26\GEOSP-TRN-002456_ORTOFOTO_CORTADA_EB2_260426.tif,20260206_Geosupport_primera entrega\SOLO_TIF_02Jun26\GEOSP-TRN-002456_ORTOFOTO_CORTADA_EB2_260426.tif,38.723,2026-06-11 10:38:49,20260206_Geosupport_primera entrega,True
GEOSP-TRN-002504_1001-03-T-CS-202-4310-C-DW-23478[000].tif,GEOSP-TRN-002504_1001-03-T-CS-202-4310-C-DW-23478[000],.tif,\\amssclgis10.ams.gmams.cl\CL_MLP_PAO\Vuelos_Drone_Sin_Procesar\INPUT\20260206_Geosupport_primera entrega\SOLO_TIF_02Jun26\GEOSP-TRN-002504_1001-03-T-CS-202-4310-C-DW-23478[000].tif,20260206_Geosupport_primera entrega\SOLO_TIF_02Jun26\GEOSP-TRN-002504_1001-03-T-CS-202-4310-C-DW-23478[000].tif,41.831,2026-06-11 10:38:54,20260206_Geosupport_primera entrega,True
GEOSP-TRN-002507_GS_ORTOFOTO PLATAFORMA 30-04-2026.tif,GEOSP-TRN-002507_GS_ORTOFOTO PLATAFORMA 30-04-2026,.tif,\\amssclgis10.ams.gmams.cl\CL_MLP_PAO\Vuelos_Drone_Sin_Procesar\INPUT\20260206_Geosupport_primera entrega\SOLO_TIF_02Jun26\GEOSP-TRN-002507_GS_ORTOFOTO PLATAFORMA 30-04-2026.tif,20260206_Geosupport_primera entrega\SOLO_TIF_02Jun26\GEOSP-TRN-002507_GS_ORTOFOTO PLATAFORMA 30-04-2026.tif,852.631,2026-06-11 10:39:01,20260206_Geosupport_primera entrega,True
GEOSP-TRN-002517_1001-03-T-CS-202-5600-C-DW-11486[000].tif,GEOSP-TRN-002517_1001-03-T-CS-202-5600-C-DW-11486[000],.tif,\\amssclgis10.ams.gmams.cl\CL_MLP_PAO\Vuelos_Drone_Sin_Procesar\INPUT\20260206_Geosupport_primera entrega\SOLO_TIF_02Jun26\GEOSP-TRN-002517_1001-03-T-CS-202-5600-C-DW-11486[000].tif,20260206_Geosupport_primera entrega\SOLO_TIF_02Jun26\GEOSP-TRN-002517_1001-03-T-CS-202-5600-C-DW-11486[000].tif,128.886,2026-06-11 10:39:03,20260206_Geosupport_primera entrega,True
GEOSP-TRN-002522_GS_ORTOFOTO_EB2_020526.tif,GEOSP-TRN-002522_GS_ORTOFOTO_EB2_020526,.tif,\\amssclgis10.ams.gmams.cl\CL_MLP_PAO\Vuelos_Drone_Sin_Procesar\INPUT\20260206_Geosupport_primera entrega\SOLO_TIF_02Jun26\GEOSP-TRN-002522_GS_ORTOFOTO_EB2_020526.tif,20260206_Geosupport_primera entrega\SOLO_TIF_02Jun26\GEOSP-TRN-002522_GS_ORTOFOTO_EB2_020526.tif,47.776,2026-06-11 10:39:05,20260206_Geosupport_primera entrega,True
GEOSP-TRN-002551_1001-03-T-CS-202-5600-C-DW-11490[000].tif,GEOSP-TRN-002551_1001-03-T-CS-202-5600-C-DW-11490[000],.tif,\\amssclgis10.ams.gmams.cl\CL_MLP_PAO\Vuelos_Drone_Sin_Procesar\INPUT\20260206_Geosupport_primera entrega\SOLO_TIF_02Jun26\GEOSP-TRN-002551_1001-03-T-CS-202-5600-C-DW-11490[000].tif,20260206_Geosupport_primera entrega\SOLO_TIF_02Jun26\GEOSP-TRN-002551_1001-03-T-CS-202-5600-C-DW-11490[000].tif,37.785,2026-06-11 10:39:07,20260206_Geosupport_primera entrega,True
GEOSP-TRN-002562_1001-03-T-CS-202-5600-C-DW-11492[000].tif,GEOSP-TRN-002562_1001-03-T-CS-202-5600-C-DW-11492[000],.tif,\\amssclgis10.ams.gmams.cl\CL_MLP_PAO\Vuelos_Drone_Sin_Procesar\INPUT\20260206_Geosupport_primera entrega\SOLO_TIF_02Jun26\GEOSP-TRN-002562_1001-03-T-CS-202-5600-C-DW-11492[000].tif,20260206_Geosupport_primera entrega\SOLO_TIF_02Jun26\GEOSP-TRN-002562_1001-03-T-CS-202-5600-C-DW-11492[000].tif,47.647,2026-06-11 10:39:08,20260206_Geosupport_primera entrega,True
GEOSP-TRN-002566_1001-03-T-CS-202-5600-C-DW-11494[000].tif,GEOSP-TRN-002566_1001-03-T-CS-202-5600-C-DW-11494[000],.tif,\\amssclgis10.ams.gmams.cl\CL_MLP_PAO\Vuelos_Drone_Sin_Procesar\INPUT\20260206_Geosupport_primera entrega\SOLO_TIF_02Jun26\GEOSP-TRN-002566_1001-03-T-CS-202-5600-C-DW-11494[000].tif,20260206_Geosupport_primera entrega\SOLO_TIF_02Jun26\GEOSP-TRN-002566_1001-03-T-CS-202-5600-C-DW-11494[000].tif,62.129,2026-06-11 10:39:10,20260206_Geosupport_primera entrega,True
GEOSP-TRN-002572_GS_Ortofoto_EDT_09-05-26.tif,GEOSP-TRN-002572_GS_Ortofoto_EDT_09-05-26,.tif,\\amssclgis10.ams.gmams.cl\CL_MLP_PAO\Vuelos_Drone_Sin_Procesar\INPUT\20260206_Geosupport_primera entrega\SOLO_TIF_02Jun26\GEOSP-TRN-002572_GS_Ortofoto_EDT_09-05-26.tif,20260206_Geosupport_primera entrega\SOLO_TIF_02Jun26\GEOSP-TRN-002572_GS_Ortofoto_EDT_09-05-26.tif,32.658,2026-06-11 10:39:11,20260206_Geosupport_primera entrega,True
GEOSP-TRN-002573_GS_ORTOFOTO DEP13 - PV5 (08-05-2026).tif,GEOSP-TRN-002573_GS_ORTOFOTO DEP13 - PV5 (08-05-2026),.tif,\\amssclgis10.ams.gmams.cl\CL_MLP_PAO\Vuelos_Drone_Sin_Procesar\INPUT\20260206_Geosupport_primera entrega\SOLO_TIF_02Jun26\GEOSP-TRN-002573_GS_ORTOFOTO DEP13 - PV5 (08-05-2026).tif,20260206_Geosupport_primera entrega\SOLO_TIF_02Jun26\GEOSP-TRN-002573_GS_ORTOFOTO DEP13 - PV5 (08-05-2026).tif,32.534,2026-06-11 10:39:15,20260206_Geosupport_primera entrega,True
GEOSP-TRN-002576_GS_ORTOFOTO PATIO SDRNP_08-05-2026.tif,GEOSP-TRN-002576_GS_ORTOFOTO PATIO SDRNP_08-05-2026,.tif,\\amssclgis10.ams.gmams.cl\CL_MLP_PAO\Vuelos_Drone_Sin_Procesar\INPUT\20260206_Geosupport_primera entrega\SOLO_TIF_02Jun26\GEOSP-TRN-002576_GS_ORTOFOTO PATIO SDRNP_08-05-2026.tif,20260206_Geosupport_primera entrega\SOLO_TIF_02Jun26\GEOSP-TRN-002576_GS_ORTOFOTO PATIO SDRNP_08-05-2026.tif,348.052,2026-06-11 10:39:20,20260206_Geosupport_primera entrega,True
GEOSP-TRN-002577_1001-03-T-CS-202-5600-C-DW-11500[000].tif,GEOSP-TRN-002577_1001-03-T-CS-202-5600-C-DW-11500[000],.tif,\\amssclgis10.ams.gmams.cl\CL_MLP_PAO\Vuelos_Drone_Sin_Procesar\INPUT\20260206_Geosupport_primera entrega\SOLO_TIF_02Jun26\GEOSP-TRN-002577_1001-03-T-CS-202-5600-C-DW-11500[000].tif,20260206_Geosupport_primera entrega\SOLO_TIF_02Jun26\GEOSP-TRN-002577_1001-03-T-CS-202-5600-C-DW-11500[000].tif,2.235,2026-06-11 10:39:21,20260206_Geosupport_primera entrega,True
GEOSP-TRN-002580_GS_Ortofoto Deposito Patio Pulmon.tif,GEOSP-TRN-002580_GS_Ortofoto Deposito Patio Pulmon,.tif,\\amssclgis10.ams.gmams.cl\CL_MLP_PAO\Vuelos_Drone_Sin_Procesar\INPUT\20260206_Geosupport_primera entrega\SOLO_TIF_02Jun26\GEOSP-TRN-002580_GS_Ortofoto Deposito Patio Pulmon.tif,20260206_Geosupport_primera entrega\SOLO_TIF_02Jun26\GEOSP-TRN-002580_GS_Ortofoto Deposito Patio Pulmon.tif,36.005,2026-06-11 10:39:24,20260206_Geosupport_primera entrega,True
GEOSP-TRN-002587_1001-03-T-CS-202-5600-C-DW-11504[000].tif,GEOSP-TRN-002587_1001-03-T-CS-202-5600-C-DW-11504[000],.tif,\\amssclgis10.ams.gmams.cl\CL_MLP_PAO\Vuelos_Drone_Sin_Procesar\INPUT\20260206_Geosupport_primera entrega\SOLO_TIF_02Jun26\GEOSP-TRN-002587_1001-03-T-CS-202-5600-C-DW-11504[000].tif,20260206_Geosupport_primera entrega\SOLO_TIF_02Jun26\GEOSP-TRN-002587_1001-03-T-CS-202-5600-C-DW-11504[000].tif,11.14,2026-06-11 10:39:24,20260206_Geosupport_primera entrega,True
GEOSP-TRN-002588_1001-03-T-CS-202-5600-C-DW-11502[000].tif,GEOSP-TRN-002588_1001-03-T-CS-202-5600-C-DW-11502[000],.tif,\\amssclgis10.ams.gmams.cl\CL_MLP_PAO\Vuelos_Drone_Sin_Procesar\INPUT\20260206_Geosupport_primera entrega\SOLO_TIF_02Jun26\GEOSP-TRN-002588_1001-03-T-CS-202-5600-C-DW-11502[000].tif,20260206_Geosupport_primera entrega\SOLO_TIF_02Jun26\GEOSP-TRN-002588_1001-03-T-CS-202-5600-C-DW-11502[000].tif,5.468,2026-06-11 10:39:25,20260206_Geosupport_primera entrega,True
GEOSP-TRN-002590_1001-03-T-CS-202-5600-C-DW-11506[000].tif,GEOSP-TRN-002590_1001-03-T-CS-202-5600-C-DW-11506[000],.tif,\\amssclgis10.ams.gmams.cl\CL_MLP_PAO\Vuelos_Drone_Sin_Procesar\INPUT\20260206_Geosupport_primera entrega\SOLO_TIF_02Jun26\GEOSP-TRN-002590_1001-03-T-CS-202-5600-C-DW-11506[000].tif,20260206_Geosupport_primera entrega\SOLO_TIF_02Jun26\GEOSP-TRN-002590_1001-03-T-CS-202-5600-C-DW-11506[000].tif,3.543,2026-06-11 10:39:26,20260206_Geosupport_primera entrega,True
SIN_ID_GS_ORTOFOTO_ESTACION DE VALVULAS N°1 (prioridad 14)_29_05_26_.tif,SIN_ID_GS_ORTOFOTO_ESTACION DE VALVULAS N°1 (prioridad 14)_29_05_26_,.tif,\\amssclgis10.ams.gmams.cl\CL_MLP_PAO\Vuelos_Drone_Sin_Procesar\INPUT\20260206_Geosupport_primera entrega\SOLO_TIF_02Jun26\SIN_ID_GS_ORTOFOTO_ESTACION DE VALVULAS N°1 (prioridad 14)_29_05_26_.tif,20260206_Geosupport_primera entrega\SOLO_TIF_02Jun26\SIN_ID_GS_ORTOFOTO_ESTACION DE VALVULAS N°1 (prioridad 14)_29_05_26_.tif,717.701,2026-05-30 15:12:22,20260206_Geosupport_primera entrega,True
GEOSP-TRN-002511_GS_Ortofoto Estación Cabeceras (EC)_01_05_26.tif,GEOSP-TRN-002511_GS_Ortofoto Estación Cabeceras (EC)_01_05_26,.tif,\\amssclgis10.ams.gmams.cl\CL_MLP_PAO\Vuelos_Drone_Sin_Procesar\INPUT\20260519_Geosupport\SOLO_TIF_19May26\GEOSP-TRN-002511_GS_Ortofoto Estación Cabeceras (EC)_01_05_26.tif,20260519_Geosupport\SOLO_TIF_19May26\GEOSP-TRN-002511_GS_Ortofoto Estación Cabeceras (EC)_01_05_26.tif,79.159,2026-06-05 11:44:49,20260519_Geosupport,False
GEOSP-TRN-002545_GS_ORTOFOTO_EB3_06-05-26.tif,GEOSP-TRN-002545_GS_ORTOFOTO_EB3_06-05-26,.tif,\\amssclgis10.ams.gmams.cl\CL_MLP_PAO\Vuelos_Drone_Sin_Procesar\INPUT\20260519_Geosupport\SOLO_TIF_19May26\GEOSP-TRN-002545_GS_ORTOFOTO_EB3_06-05-26.tif,20260519_Geosupport\SOLO_TIF_19May26\GEOSP-TRN-002545_GS_ORTOFOTO_EB3_06-05-26.tif,11.012,2026-06-05 11:44:50,20260519_Geosupport,False
GEOSP-TRN-002546_GS_ORTOFOTO_SSEE_06-05-26.tif,GEOSP-TRN-002546_GS_ORTOFOTO_SSEE_06-05-26,.tif,\\amssclgis10.ams.gmams.cl\CL_MLP_PAO\Vuelos_Drone_Sin_Procesar\INPUT\20260519_Geosupport\SOLO_TIF_19May26\GEOSP-TRN-002546_GS_ORTOFOTO_SSEE_06-05-26.tif,20260519_Geosupport\SOLO_TIF_19May26\GEOSP-TRN-002546_GS_ORTOFOTO_SSEE_06-05-26.tif,762.001,2026-06-05 11:44:57,20260519_Geosupport,False
GEOSP-TRN-002555_GS_Ortofoto_Tramo 2 Línea 33 kV E-085 – E-125_06-05-26.tif,GEOSP-TRN-002555_GS_Ortofoto_Tramo 2 Línea 33 kV E-085 – E-125_06-05-26,.tif,\\amssclgis10.ams.gmams.cl\CL_MLP_PAO\Vuelos_Drone_Sin_Procesar\INPUT\20260519_Geosupport\SOLO_TIF_19May26\GEOSP-TRN-002555_GS_Ortofoto_Tramo 2 Línea 33 kV E-085 – E-125_06-05-26.tif,20260519_Geosupport\SOLO_TIF_19May26\GEOSP-TRN-002555_GS_Ortofoto_Tramo 2 Línea 33 kV E-085 – E-125_06-05-26.tif,640.965,2026-06-05 11:45:11,20260519_Geosupport,False
GEOSP-TRN-002591_GS_Ortofoto ED1_10-05-2026.tif,GEOSP-TRN-002591_GS_Ortofoto ED1_10-05-2026,.tif,\\amssclgis10.ams.gmams.cl\CL_MLP_PAO\Vuelos_Drone_Sin_Procesar\INPUT\20260519_Geosupport\SOLO_TIF_19May26\GEOSP-TRN-002591_GS_Ortofoto ED1_10-05-2026.tif,20260519_Geosupport\SOLO_TIF_19May26\GEOSP-TRN-002591_GS_Ortofoto ED1_10-05-2026.tif,63.628,2026-06-05 11:45:18,20260519_Geosupport,False
GEOSP-TRN-002592_GS_Ortofoto_Helipuerto Mauro MLP_10-05-2026.tif,GEOSP-TRN-002592_GS_Ortofoto_Helipuerto Mauro MLP_10-05-2026,.tif,\\amssclgis10.ams.gmams.cl\CL_MLP_PAO\Vuelos_Drone_Sin_Procesar\INPUT\20260519_Geosupport\SOLO_TIF_19May26\GEOSP-TRN-002592_GS_Ortofoto_Helipuerto Mauro MLP_10-05-2026.tif,20260519_Geosupport\SOLO_TIF_19May26\GEOSP-TRN-002592_GS_Ortofoto_Helipuerto Mauro MLP_10-05-2026.tif,102.047,2026-06-05 11:45:22,20260519_Geosupport,False
GEOSP-TRN-002593_GS_ORTOFOTO_PATIO 19B_10-05-26.tif,GEOSP-TRN-002593_GS_ORTOFOTO_PATIO 19B_10-05-26,.tif,\\amssclgis10.ams.gmams.cl\CL_MLP_PAO\Vuelos_Drone_Sin_Procesar\INPUT\20260519_Geosupport\SOLO_TIF_19May26\GEOSP-TRN-002593_GS_ORTOFOTO_PATIO 19B_10-05-26.tif,20260519_Geosupport\SOLO_TIF_19May26\GEOSP-TRN-002593_GS_ORTOFOTO_PATIO 19B_10-05-26.tif,156.844,2026-06-05 11:45:24,20260519_Geosupport,False
GEOSP-TRN-002603_ORTOFOTO_CORTADA_EM2_100526.tif,GEOSP-TRN-002603_ORTOFOTO_CORTADA_EM2_100526,.tif,\\amssclgis10.ams.gmams.cl\CL_MLP_PAO\Vuelos_Drone_Sin_Procesar\INPUT\20260519_Geosupport\SOLO_TIF_19May26\GEOSP-TRN-002603_ORTOFOTO_CORTADA_EM2_100526.tif,20260519_Geosupport\SOLO_TIF_19May26\GEOSP-TRN-002603_ORTOFOTO_CORTADA_EM2_100526.tif,71.19,2026-06-05 11:45:29,20260519_Geosupport,False
GEOSP-TRN-002604_GS_Ortofoto_Tramo 2 Línea 33 kV E-048 – E-084_07-05-26.tif,GEOSP-TRN-002604_GS_Ortofoto_Tramo 2 Línea 33 kV E-048 – E-084_07-05-26,.tif,\\amssclgis10.ams.gmams.cl\CL_MLP_PAO\Vuelos_Drone_Sin_Procesar\INPUT\20260519_Geosupport\SOLO_TIF_19May26\GEOSP-TRN-002604_GS_Ortofoto_Tramo 2 Línea 33 kV E-048 – E-084_07-05-26.tif,20260519_Geosupport\SOLO_TIF_19May26\GEOSP-TRN-002604_GS_Ortofoto_Tramo 2 Línea 33 kV E-048 – E-084_07-05-26.tif,3217.563,2026-06-05 11:45:59,20260519_Geosupport,False
GEOSP-TRN-002606_GS_Ortofoto_Tramo 1 Línea 33 kV E-125 – ML EB2_10-05-26.tif,GEOSP-TRN-002606_GS_Ortofoto_Tramo 1 Línea 33 kV E-125 – ML EB2_10-05-26,.tif,\\amssclgis10.ams.gmams.cl\CL_MLP_PAO\Vuelos_Drone_Sin_Procesar\INPUT\20260519_Geosupport\SOLO_TIF_19May26\GEOSP-TRN-002606_GS_Ortofoto_Tramo 1 Línea 33 kV E-125 – ML EB2_10-05-26.tif,20260519_Geosupport\SOLO_TIF_19May26\GEOSP-TRN-002606_GS_Ortofoto_Tramo 1 Línea 33 kV E-125 – ML EB2_10-05-26.tif,264.282,2026-06-05 11:46:07,20260519_Geosupport,False
GEOSP-TRN-002615_GS_ORTOFOTO_ESTACION DE MONITOREO N°2_13-05-2026.tif,GEOSP-TRN-002615_GS_ORTOFOTO_ESTACION DE MONITOREO N°2_13-05-2026,.tif,\\amssclgis10.ams.gmams.cl\CL_MLP_PAO\Vuelos_Drone_Sin_Procesar\INPUT\20260519_Geosupport\SOLO_TIF_19May26\GEOSP-TRN-002615_GS_ORTOFOTO_ESTACION DE MONITOREO N°2_13-05-2026.tif,20260519_Geosupport\SOLO_TIF_19May26\GEOSP-TRN-002615_GS_ORTOFOTO_ESTACION DE MONITOREO N°2_13-05-2026.tif,531.553,2026-06-05 11:46:15,20260519_Geosupport,False
GEOSP-TRN-002616_GS_ORTOFOTO_ACCESO POZOS PRP_130526.tif,GEOSP-TRN-002616_GS_ORTOFOTO_ACCESO POZOS PRP_130526,.tif,\\amssclgis10.ams.gmams.cl\CL_MLP_PAO\Vuelos_Drone_Sin_Procesar\INPUT\20260519_Geosupport\SOLO_TIF_19May26\GEOSP-TRN-002616_GS_ORTOFOTO_ACCESO POZOS PRP_130526.tif,20260519_Geosupport\SOLO_TIF_19May26\GEOSP-TRN-002616_GS_ORTOFOTO_ACCESO POZOS PRP_130526.tif,399.55,2026-06-05 11:46:24,20260519_Geosupport,False
GEOSP-TRN-002617_GS_ORTOFOTO_SUBESTACION_EL MAURO_PRIORIDAD 1_13_05_26.tif,GEOSP-TRN-002617_GS_ORTOFOTO_SUBESTACION_EL MAURO_PRIORIDAD 1_13_05_26,.tif,\\amssclgis10.ams.gmams.cl\CL_MLP_PAO\Vuelos_Drone_Sin_Procesar\INPUT\20260519_Geosupport\SOLO_TIF_19May26\GEOSP-TRN-002617_GS_ORTOFOTO_SUBESTACION_EL MAURO_PRIORIDAD 1_13_05_26.tif,20260519_Geosupport\SOLO_TIF_19May26\GEOSP-TRN-002617_GS_ORTOFOTO_SUBESTACION_EL MAURO_PRIORIDAD 1_13_05_26.tif,954.304,2026-06-05 11:46:33,20260519_Geosupport,False
GEOSP-TRN-002618_GS_ORTOFOTO_EM2-2_13-05-2026.tif,GEOSP-TRN-002618_GS_ORTOFOTO_EM2-2_13-05-2026,.tif,\\amssclgis10.ams.gmams.cl\CL_MLP_PAO\Vuelos_Drone_Sin_Procesar\INPUT\20260519_Geosupport\SOLO_TIF_19May26\GEOSP-TRN-002618_GS_ORTOFOTO_EM2-2_13-05-2026.tif,20260519_Geosupport\SOLO_TIF_19May26\GEOSP-TRN-002618_GS_ORTOFOTO_EM2-2_13-05-2026.tif,156.937,2026-06-05 11:46:35,20260519_Geosupport,False
GEOSP-TRN-002619_GS_ORTOFOTO_EBD_130526.tif,GEOSP-TRN-002619_GS_ORTOFOTO_EBD_130526,.tif,\\amssclgis10.ams.gmams.cl\CL_MLP_PAO\Vuelos_Drone_Sin_Procesar\INPUT\20260519_Geosupport\SOLO_TIF_19May26\GEOSP-TRN-002619_GS_ORTOFOTO_EBD_130526.tif,20260519_Geosupport\SOLO_TIF_19May26\GEOSP-TRN-002619_GS_ORTOFOTO_EBD_130526.tif,213.754,2026-06-05 11:46:39,20260519_Geosupport,False
GEOSP-TRN-002620_GS_ORTOFOTO_ED2_13-05-2026.tif,GEOSP-TRN-002620_GS_ORTOFOTO_ED2_13-05-2026,.tif,\\amssclgis10.ams.gmams.cl\CL_MLP_PAO\Vuelos_Drone_Sin_Procesar\INPUT\20260519_Geosupport\SOLO_TIF_19May26\GEOSP-TRN-002620_GS_ORTOFOTO_ED2_13-05-2026.tif,20260519_Geosupport\SOLO_TIF_19May26\GEOSP-TRN-002620_GS_ORTOFOTO_ED2_13-05-2026.tif,820.834,2026-06-05 11:46:48,20260519_Geosupport,False
GEOSP-TRN-002621_GS_ORTOFOTO_ESTACION DE BOMBEO Nº3_13_05_26.tif,GEOSP-TRN-002621_GS_ORTOFOTO_ESTACION DE BOMBEO Nº3_13_05_26,.tif,\\amssclgis10.ams.gmams.cl\CL_MLP_PAO\Vuelos_Drone_Sin_Procesar\INPUT\20260519_Geosupport\SOLO_TIF_19May26\GEOSP-TRN-002621_GS_ORTOFOTO_ESTACION DE BOMBEO Nº3_13_05_26.tif,20260519_Geosupport\SOLO_TIF_19May26\GEOSP-TRN-002621_GS_ORTOFOTO_ESTACION DE BOMBEO Nº3_13_05_26.tif,56.175,2026-06-05 11:46:51,20260519_Geosupport,False
GEOSP-TRN-002622_GS_ORTOFOTO_POZOS PRP_130526.tif,GEOSP-TRN-002622_GS_ORTOFOTO_POZOS PRP_130526,.tif,\\amssclgis10.ams.gmams.cl\CL_MLP_PAO\Vuelos_Drone_Sin_Procesar\INPUT\20260519_Geosupport\SOLO_TIF_19May26\GEOSP-TRN-002622_GS_ORTOFOTO_POZOS PRP_130526.tif,20260519_Geosupport\SOLO_TIF_19May26\GEOSP-TRN-002622_GS_ORTOFOTO_POZOS PRP_130526.tif,29.052,2026-06-05 11:46:53,20260519_Geosupport,False
GEOSP-TRN-002623_GS_ORTOFOTO_ESTACIÓN INTERMEDIA 3_13-05-2026.tif,GEOSP-TRN-002623_GS_ORTOFOTO_ESTACIÓN INTERMEDIA 3_13-05-2026,.tif,\\amssclgis10.ams.gmams.cl\CL_MLP_PAO\Vuelos_Drone_Sin_Procesar\INPUT\20260519_Geosupport\SOLO_TIF_19May26\GEOSP-TRN-002623_GS_ORTOFOTO_ESTACIÓN INTERMEDIA 3_13-05-2026.tif,20260519_Geosupport\SOLO_TIF_19May26\GEOSP-TRN-002623_GS_ORTOFOTO_ESTACIÓN INTERMEDIA 3_13-05-2026.tif,1813.409,2026-06-05 11:47:08,20260519_Geosupport,False
GEOSP-TRN-002627_GS_ORTOFOTO_EM3_14-05-2026.tif,GEOSP-TRN-002627_GS_ORTOFOTO_EM3_14-05-2026,.tif,\\amssclgis10.ams.gmams.cl\CL_MLP_PAO\Vuelos_Drone_Sin_Procesar\INPUT\20260519_Geosupport\SOLO_TIF_19May26\GEOSP-TRN-002627_GS_ORTOFOTO_EM3_14-05-2026.tif,20260519_Geosupport\SOLO_TIF_19May26\GEOSP-TRN-002627_GS_ORTOFOTO_EM3_14-05-2026.tif,1021.143,2026-06-05 11:47:19,20260519_Geosupport,False
GEOSP-TRN-002629_GS_ORTOFOTO_Camino alternativo Salamanca_ (Prioridad 22)_14_05_26.tif,GEOSP-TRN-002629_GS_ORTOFOTO_Camino alternativo Salamanca_ (Prioridad 22)_14_05_26,.tif,\\amssclgis10.ams.gmams.cl\CL_MLP_PAO\Vuelos_Drone_Sin_Procesar\INPUT\20260519_Geosupport\SOLO_TIF_19May26\GEOSP-TRN-002629_GS_ORTOFOTO_Camino alternativo Salamanca_ (Prioridad 22)_14_05_26.tif,20260519_Geosupport\SOLO_TIF_19May26\GEOSP-TRN-002629_GS_ORTOFOTO_Camino alternativo Salamanca_ (Prioridad 22)_14_05_26.tif,56.639,2026-06-05 11:47:23,20260519_Geosupport,False
GEOSP-TRN-002630_GD_ORTOFOTO_Tramo 2 linea 22 KV E-35 - E48_14-05-2026.tif,GEOSP-TRN-002630_GD_ORTOFOTO_Tramo 2 linea 22 KV E-35 - E48_14-05-2026,.tif,\\amssclgis10.ams.gmams.cl\CL_MLP_PAO\Vuelos_Drone_Sin_Procesar\INPUT\20260519_Geosupport\SOLO_TIF_19May26\GEOSP-TRN-002630_GD_ORTOFOTO_Tramo 2 linea 22 KV E-35 - E48_14-05-2026.tif,20260519_Geosupport\SOLO_TIF_19May26\GEOSP-TRN-002630_GD_ORTOFOTO_Tramo 2 linea 22 KV E-35 - E48_14-05-2026.tif,650.561,2026-06-05 11:47:29,20260519_Geosupport,False
GEOSP-TRN-002631_GS_ORTOFOTO_EM4_14-05-2026.tif,GEOSP-TRN-002631_GS_ORTOFOTO_EM4_14-05-2026,.tif,\\amssclgis10.ams.gmams.cl\CL_MLP_PAO\Vuelos_Drone_Sin_Procesar\INPUT\20260519_Geosupport\SOLO_TIF_19May26\GEOSP-TRN-002631_GS_ORTOFOTO_EM4_14-05-2026.tif,20260519_Geosupport\SOLO_TIF_19May26\GEOSP-TRN-002631_GS_ORTOFOTO_EM4_14-05-2026.tif,2073.665,2026-06-05 11:47:46,20260519_Geosupport,False
GEOSP-TRN-002635_GS_ORTOFOTO_HELIPUERTO MAURO_150526.tif,GEOSP-TRN-002635_GS_ORTOFOTO_HELIPUERTO MAURO_150526,.tif,\\amssclgis10.ams.gmams.cl\CL_MLP_PAO\Vuelos_Drone_Sin_Procesar\INPUT\20260519_Geosupport\SOLO_TIF_19May26\GEOSP-TRN-002635_GS_ORTOFOTO_HELIPUERTO MAURO_150526.tif,20260519_Geosupport\SOLO_TIF_19May26\GEOSP-TRN-002635_GS_ORTOFOTO_HELIPUERTO MAURO_150526.tif,85.96,2026-06-05 11:47:50,20260519_Geosupport,False
GEOSP-TRN-002636_GS_ORTOFOTO_HELIPUERTO MAURO_150526.tif,GEOSP-TRN-002636_GS_ORTOFOTO_HELIPUERTO MAURO_150526,.tif,\\amssclgis10.ams.gmams.cl\CL_MLP_PAO\Vuelos_Drone_Sin_Procesar\INPUT\20260519_Geosupport\SOLO_TIF_19May26\GEOSP-TRN-002636_GS_ORTOFOTO_HELIPUERTO MAURO_150526.tif,20260519_Geosupport\SOLO_TIF_19May26\GEOSP-TRN-002636_GS_ORTOFOTO_HELIPUERTO MAURO_150526.tif,85.96,2026-06-05 11:47:54,20260519_Geosupport,False
GEOSP-TRN-002642_GS_ORTOFOTO_EV1_15-05-2026.tif,GEOSP-TRN-002642_GS_ORTOFOTO_EV1_15-05-2026,.tif,\\amssclgis10.ams.gmams.cl\CL_MLP_PAO\Vuelos_Drone_Sin_Procesar\INPUT\20260519_Geosupport\SOLO_TIF_19May26\GEOSP-TRN-002642_GS_ORTOFOTO_EV1_15-05-2026.tif,20260519_Geosupport\SOLO_TIF_19May26\GEOSP-TRN-002642_GS_ORTOFOTO_EV1_15-05-2026.tif,721.83,2026-06-05 11:47:59,20260519_Geosupport,False
GEOSP-TRN-002643_GS_Ortofoto_Estacion Cabecera (Prioridad 25)_15_05_26.tif,GEOSP-TRN-002643_GS_Ortofoto_Estacion Cabecera (Prioridad 25)_15_05_26,.tif,\\amssclgis10.ams.gmams.cl\CL_MLP_PAO\Vuelos_Drone_Sin_Procesar\INPUT\20260519_Geosupport\SOLO_TIF_19May26\GEOSP-TRN-002643_GS_Ortofoto_Estacion Cabecera (Prioridad 25)_15_05_26.tif,20260519_Geosupport\SOLO_TIF_19May26\GEOSP-TRN-002643_GS_Ortofoto_Estacion Cabecera (Prioridad 25)_15_05_26.tif,88.752,2026-06-05 11:48:02,20260519_Geosupport,False
GEOSP-TRN-002647_GS_ORTOFOTO_TORRES E48 A E84_16-05-2026.tif,GEOSP-TRN-002647_GS_ORTOFOTO_TORRES E48 A E84_16-05-2026,.tif,\\amssclgis10.ams.gmams.cl\CL_MLP_PAO\Vuelos_Drone_Sin_Procesar\INPUT\20260519_Geosupport\SOLO_TIF_19May26\GEOSP-TRN-002647_GS_ORTOFOTO_TORRES E48 A E84_16-05-2026.tif,20260519_Geosupport\SOLO_TIF_19May26\GEOSP-TRN-002647_GS_ORTOFOTO_TORRES E48 A E84_16-05-2026.tif,1225.743,2026-06-05 11:48:16,20260519_Geosupport,False
GEOSP-TRN-002652_GS_ORTOFOTO_EV2_170526.tif,GEOSP-TRN-002652_GS_ORTOFOTO_EV2_170526,.tif,\\amssclgis10.ams.gmams.cl\CL_MLP_PAO\Vuelos_Drone_Sin_Procesar\INPUT\20260519_Geosupport\SOLO_TIF_19May26\GEOSP-TRN-002652_GS_ORTOFOTO_EV2_170526.tif,20260519_Geosupport\SOLO_TIF_19May26\GEOSP-TRN-002652_GS_ORTOFOTO_EV2_170526.tif,190.375,2026-06-05 11:48:27,20260519_Geosupport,False
GEOSP-TRN-002655_GS_ORTOFOTO_EDT_17-05-2026.tif,GEOSP-TRN-002655_GS_ORTOFOTO_EDT_17-05-2026,.tif,\\amssclgis10.ams.gmams.cl\CL_MLP_PAO\Vuelos_Drone_Sin_Procesar\INPUT\20260519_Geosupport\SOLO_TIF_19May26\GEOSP-TRN-002655_GS_ORTOFOTO_EDT_17-05-2026.tif,20260519_Geosupport\SOLO_TIF_19May26\GEOSP-TRN-002655_GS_ORTOFOTO_EDT_17-05-2026.tif,21.961,2026-06-05 11:48:29,20260519_Geosupport,False
GEOSP-TRN-002656_GD_ORTOFOTO_Tramo 2 linea 22 KV E-35 - E48_14-05-2026.tif,GEOSP-TRN-002656_GD_ORTOFOTO_Tramo 2 linea 22 KV E-35 - E48_14-05-2026,.tif,\\amssclgis10.ams.gmams.cl\CL_MLP_PAO\Vuelos_Drone_Sin_Procesar\INPUT\20260519_Geosupport\SOLO_TIF_19May26\GEOSP-TRN-002656_GD_ORTOFOTO_Tramo 2 linea 22 KV E-35 - E48_14-05-2026.tif,20260519_Geosupport\SOLO_TIF_19May26\GEOSP-TRN-002656_GD_ORTOFOTO_Tramo 2 linea 22 KV E-35 - E48_14-05-2026.tif,650.561,2026-06-05 11:48:35,20260519_Geosupport,False
GEOSP-TRN-002660_GS_ORTOFOTO_EM1_150526.tif,GEOSP-TRN-002660_GS_ORTOFOTO_EM1_150526,.tif,\\amssclgis10.ams.gmams.cl\CL_MLP_PAO\Vuelos_Drone_Sin_Procesar\INPUT\20260519_Geosupport\SOLO_TIF_19May26\GEOSP-TRN-002660_GS_ORTOFOTO_EM1_150526.tif,20260519_Geosupport\SOLO_TIF_19May26\GEOSP-TRN-002660_GS_ORTOFOTO_EM1_150526.tif,138.719,2026-06-05 11:48:41,20260519_Geosupport,False
GEOSP-TRN-002665_ORTOFOTO_LINEA 33KV E-085-E125 ( Prioridad 7)_16_16_05_26.tif,GEOSP-TRN-002665_ORTOFOTO_LINEA 33KV E-085-E125 ( Prioridad 7)_16_16_05_26,.tif,\\amssclgis10.ams.gmams.cl\CL_MLP_PAO\Vuelos_Drone_Sin_Procesar\INPUT\20260519_Geosupport\SOLO_TIF_19May26\GEOSP-TRN-002665_ORTOFOTO_LINEA 33KV E-085-E125 ( Prioridad 7)_16_16_05_26.tif,20260519_Geosupport\SOLO_TIF_19May26\GEOSP-TRN-002665_ORTOFOTO_LINEA 33KV E-085-E125 ( Prioridad 7)_16_16_05_26.tif,1158.81,2026-06-05 11:49:09,20260519_Geosupport,False
