ready_for_datastore,review_reason,path,relative_path,file_name,expected_file_name,destination_path,original_expected_file_name,expected_name,expected_date_token,destination_folder,destination_date_folder,expected_sector,sector_source,rename_status,spatial_status,spatial_sector_raw,spatial_sector,spatial_overlap_pct,spatial_overlap_count,spatial_all_matches,duplicate_expected_file_name,duplicate_sequence,duplicate_was_resolved,size_mb,modified_at
True,cruza_multiples_sectores,\\amssclgis10.ams.gmams.cl\CL_MLP_PAO\Vuelos_Drone_Sin_Procesar\INPUT\20260206_Geosupport_primera entrega\SOLO_TIF_02Jun26\GEOSP-TRN-001426_GS_ORTOFOTO EB2 28-12-2025.tif,SOLO_TIF_02Jun26\GEOSP-TRN-001426_GS_ORTOFOTO EB2 28-12-2025.tif,GEOSP-TRN-001426_GS_ORTOFOTO EB2 28-12-2025.tif,CL_MLP_PAO_IF_Ortho_25_12_28_MonteAranda-NSTC-Km-84p2-a-82p3.tif,\\amssclgis10.ams.gmams.cl\CL_MLP_PAO\Chacay_El_Mauro_Drone\25_12\CL_MLP_PAO_IF_Ortho_25_12_28_MonteAranda-NSTC-Km-84p2-a-82p3.tif,CL_MLP_PAO_IF_Ortho_25_12_28_MonteAranda-NSTC-Km-84p2-a-82p3.tif,CL_MLP_PAO_IF_Ortho_25_12_28_MonteAranda-NSTC-Km-84p2-a-82p3,25_12_28,Chacay_El_Mauro_Drone,25_12,MonteAranda-NSTC-Km-84p2-a-82p3,spatial_sector,ok,ok,MonteAranda-NSTC-Km-84p2-a-82p3,MonteAranda-NSTC-Km-84p2-a-82p3,100.00002326931079,18,MonteAranda-NSTC-Km-84p2-a-82p3:100.00|MonteAranda-NSTC-Km-84p2-a-82p3:100.00|MonteAranda-NSTC-Km-84p2-a-82p3:100.00|MonteAranda-NSTC-Km-84p2-a-82p3:100.00|MonteAranda-NSTC-Km-84p2-a-82p3:100.00|MonteAranda-NSTC-Km-84p2-a-82p3:100.00|EB2:96.40|EB2_1:70.51|MonteAranda-NSTC-Km-84p2-a-82p3:7.29|MonteAranda-NSTC-Km-84p2-a-82p3:7.21|MonteAranda-NSTC-Km-84p2-a-82p3:6.72|MonteAranda-NSTC-Km-84p2-a-82p3:6.26|MonteAranda-NSTC-Km-84p2-a-82p3:6.23|MonteAranda-NSTC-Km-84p2-a-82p3:6.10|MonteAranda-NSTC-Km-84p2-a-82p3:5.53|MonteAranda-NSTC-Km-84p2-a-82p3:5.48|MonteAranda-NSTC-Km-84p2-a-82p3:5.32|MonteAranda-NSTC-Km-84p2-a-82p3:4.47,False,,False,110.944,2026-06-11 10:37:57
False,sin_fecha|cruza_multiples_sectores,\\amssclgis10.ams.gmams.cl\CL_MLP_PAO\Vuelos_Drone_Sin_Procesar\INPUT\20260206_Geosupport_primera entrega\SOLO_TIF_02Jun26\GEOSP-TRN-001492_GS_ORTOFOTO_Estacion de bombeo n°2.tif,SOLO_TIF_02Jun26\GEOSP-TRN-001492_GS_ORTOFOTO_Estacion de bombeo n°2.tif,GEOSP-TRN-001492_GS_ORTOFOTO_Estacion de bombeo n°2.tif,,,,,,,,,spatial_sector,sin_fecha,ok,MonteAranda-NSTC-Km-84p2-a-82p3,MonteAranda-NSTC-Km-84p2-a-82p3,99.99995726658567,18,MonteAranda-NSTC-Km-84p2-a-82p3:100.00|MonteAranda-NSTC-Km-84p2-a-82p3:100.00|MonteAranda-NSTC-Km-84p2-a-82p3:100.00|MonteAranda-NSTC-Km-84p2-a-82p3:100.00|MonteAranda-NSTC-Km-84p2-a-82p3:100.00|MonteAranda-NSTC-Km-84p2-a-82p3:99.99|EB2:76.25|EB2_1:49.84|MonteAranda-NSTC-Km-84p2-a-82p3:6.82|MonteAranda-NSTC-Km-84p2-a-82p3:6.76|MonteAranda-NSTC-Km-84p2-a-82p3:6.37|MonteAranda-NSTC-Km-84p2-a-82p3:6.01|MonteAranda-NSTC-Km-84p2-a-82p3:5.96|MonteAranda-NSTC-Km-84p2-a-82p3:5.87|MonteAranda-NSTC-Km-84p2-a-82p3:5.18|MonteAranda-NSTC-Km-84p2-a-82p3:5.13|MonteAranda-NSTC-Km-84p2-a-82p3:4.99|MonteAranda-NSTC-Km-84p2-a-82p3:4.46,False,,False,155.039,2026-06-11 10:38:02
True,cruza_multiples_sectores,\\amssclgis10.ams.gmams.cl\CL_MLP_PAO\Vuelos_Drone_Sin_Procesar\INPUT\20260206_Geosupport_primera entrega\SOLO_TIF_02Jun26\GEOSP-TRN-001553_GS_ORTOFOTO_EB2_20-12-2025.tif,SOLO_TIF_02Jun26\GEOSP-TRN-001553_GS_ORTOFOTO_EB2_20-12-2025.tif,GEOSP-TRN-001553_GS_ORTOFOTO_EB2_20-12-2025.tif,CL_MLP_PAO_IF_Ortho_25_12_20_MonteAranda-NSTC-Km-84p2-a-82p3.tif,\\amssclgis10.ams.gmams.cl\CL_MLP_PAO\Chacay_El_Mauro_Drone\25_12\CL_MLP_PAO_IF_Ortho_25_12_20_MonteAranda-NSTC-Km-84p2-a-82p3.tif,CL_MLP_PAO_IF_Ortho_25_12_20_MonteAranda-NSTC-Km-84p2-a-82p3.tif,CL_MLP_PAO_IF_Ortho_25_12_20_MonteAranda-NSTC-Km-84p2-a-82p3,25_12_20,Chacay_El_Mauro_Drone,25_12,MonteAranda-NSTC-Km-84p2-a-82p3,spatial_sector,ok,ok,MonteAranda-NSTC-Km-84p2-a-82p3,MonteAranda-NSTC-Km-84p2-a-82p3,100.0000097942937,18,MonteAranda-NSTC-Km-84p2-a-82p3:100.00|MonteAranda-NSTC-Km-84p2-a-82p3:100.00|MonteAranda-NSTC-Km-84p2-a-82p3:100.00|MonteAranda-NSTC-Km-84p2-a-82p3:100.00|MonteAranda-NSTC-Km-84p2-a-82p3:100.00|MonteAranda-NSTC-Km-84p2-a-82p3:100.00|EB2:86.17|EB2_1:56.20|MonteAranda-NSTC-Km-84p2-a-82p3:7.29|MonteAranda-NSTC-Km-84p2-a-82p3:7.22|MonteAranda-NSTC-Km-84p2-a-82p3:6.79|MonteAranda-NSTC-Km-84p2-a-82p3:6.39|MonteAranda-NSTC-Km-84p2-a-82p3:6.34|MonteAranda-NSTC-Km-84p2-a-82p3:6.24|MonteAranda-NSTC-Km-84p2-a-82p3:5.54|MonteAranda-NSTC-Km-84p2-a-82p3:5.49|MonteAranda-NSTC-Km-84p2-a-82p3:5.33|MonteAranda-NSTC-Km-84p2-a-82p3:4.72,False,,False,147.589,2026-06-11 10:38:05
True,cruza_multiples_sectores,\\amssclgis10.ams.gmams.cl\CL_MLP_PAO\Vuelos_Drone_Sin_Procesar\INPUT\20260206_Geosupport_primera entrega\SOLO_TIF_02Jun26\GEOSP-TRN-001642_ORTOFOTO_EB2_03-01-2026.tif,SOLO_TIF_02Jun26\GEOSP-TRN-001642_ORTOFOTO_EB2_03-01-2026.tif,GEOSP-TRN-001642_ORTOFOTO_EB2_03-01-2026.tif,CL_MLP_PAO_IF_Ortho_26_01_03_MonteAranda-NSTC-Km-84p2-a-82p3.tif,\\amssclgis10.ams.gmams.cl\CL_MLP_PAO\Chacay_El_Mauro_Drone\26_01\CL_MLP_PAO_IF_Ortho_26_01_03_MonteAranda-NSTC-Km-84p2-a-82p3.tif,CL_MLP_PAO_IF_Ortho_26_01_03_MonteAranda-NSTC-Km-84p2-a-82p3.tif,CL_MLP_PAO_IF_Ortho_26_01_03_MonteAranda-NSTC-Km-84p2-a-82p3,26_01_03,Chacay_El_Mauro_Drone,26_01,MonteAranda-NSTC-Km-84p2-a-82p3,spatial_sector,ok,ok,MonteAranda-NSTC-Km-84p2-a-82p3,MonteAranda-NSTC-Km-84p2-a-82p3,99.99997036180852,18,MonteAranda-NSTC-Km-84p2-a-82p3:100.00|MonteAranda-NSTC-Km-84p2-a-82p3:100.00|MonteAranda-NSTC-Km-84p2-a-82p3:100.00|MonteAranda-NSTC-Km-84p2-a-82p3:100.00|MonteAranda-NSTC-Km-84p2-a-82p3:100.00|MonteAranda-NSTC-Km-84p2-a-82p3:100.00|EB2:99.13|EB2_1:61.80|MonteAranda-NSTC-Km-84p2-a-82p3:19.69|MonteAranda-NSTC-Km-84p2-a-82p3:19.67|MonteAranda-NSTC-Km-84p2-a-82p3:19.26|MonteAranda-NSTC-Km-84p2-a-82p3:18.25|MonteAranda-NSTC-Km-84p2-a-82p3:18.14|MonteAranda-NSTC-Km-84p2-a-82p3:18.07|MonteAranda-NSTC-Km-84p2-a-82p3:15.01|MonteAranda-NSTC-Km-84p2-a-82p3:14.97|MonteAranda-NSTC-Km-84p2-a-82p3:14.79|MonteAranda-NSTC-Km-84p2-a-82p3:14.69,False,,False,180.745,2026-06-11 10:38:07
True,cruza_multiples_sectores,\\amssclgis10.ams.gmams.cl\CL_MLP_PAO\Vuelos_Drone_Sin_Procesar\INPUT\20260206_Geosupport_primera entrega\SOLO_TIF_02Jun26\GEOSP-TRN-001732_GS_ORTOFOTO_EB2_17-01-26.tif,SOLO_TIF_02Jun26\GEOSP-TRN-001732_GS_ORTOFOTO_EB2_17-01-26.tif,GEOSP-TRN-001732_GS_ORTOFOTO_EB2_17-01-26.tif,CL_MLP_PAO_IF_Ortho_26_01_17_MonteAranda-NSTC-Km-84p2-a-82p3.tif,\\amssclgis10.ams.gmams.cl\CL_MLP_PAO\Chacay_El_Mauro_Drone\26_01\CL_MLP_PAO_IF_Ortho_26_01_17_MonteAranda-NSTC-Km-84p2-a-82p3.tif,CL_MLP_PAO_IF_Ortho_26_01_17_MonteAranda-NSTC-Km-84p2-a-82p3.tif,CL_MLP_PAO_IF_Ortho_26_01_17_MonteAranda-NSTC-Km-84p2-a-82p3,26_01_17,Chacay_El_Mauro_Drone,26_01,MonteAranda-NSTC-Km-84p2-a-82p3,spatial_sector,ok,ok,MonteAranda-NSTC-Km-84p2-a-82p3,MonteAranda-NSTC-Km-84p2-a-82p3,100.00002293849175,18,MonteAranda-NSTC-Km-84p2-a-82p3:100.00|MonteAranda-NSTC-Km-84p2-a-82p3:100.00|MonteAranda-NSTC-Km-84p2-a-82p3:100.00|MonteAranda-NSTC-Km-84p2-a-82p3:100.00|MonteAranda-NSTC-Km-84p2-a-82p3:100.00|MonteAranda-NSTC-Km-84p2-a-82p3:100.00|EB2:83.72|EB2_1:52.19|MonteAranda-NSTC-Km-84p2-a-82p3:16.63|MonteAranda-NSTC-Km-84p2-a-82p3:16.62|MonteAranda-NSTC-Km-84p2-a-82p3:16.27|MonteAranda-NSTC-Km-84p2-a-82p3:15.41|MonteAranda-NSTC-Km-84p2-a-82p3:15.32|MonteAranda-NSTC-Km-84p2-a-82p3:15.26|MonteAranda-NSTC-Km-84p2-a-82p3:12.68|MonteAranda-NSTC-Km-84p2-a-82p3:12.64|MonteAranda-NSTC-Km-84p2-a-82p3:12.49|MonteAranda-NSTC-Km-84p2-a-82p3:12.41,False,,False,164.324,2026-06-11 10:38:09
False,sin_fecha|cruza_multiples_sectores,\\amssclgis10.ams.gmams.cl\CL_MLP_PAO\Vuelos_Drone_Sin_Procesar\INPUT\20260206_Geosupport_primera entrega\SOLO_TIF_02Jun26\GEOSP-TRN-001784_GS_ORTOFOTO_Estacion de bombeo n°2.tif,SOLO_TIF_02Jun26\GEOSP-TRN-001784_GS_ORTOFOTO_Estacion de bombeo n°2.tif,GEOSP-TRN-001784_GS_ORTOFOTO_Estacion de bombeo n°2.tif,,,,,,,,,spatial_sector,sin_fecha,ok,MonteAranda-NSTC-Km-84p2-a-82p3,MonteAranda-NSTC-Km-84p2-a-82p3,100.0000013784063,18,MonteAranda-NSTC-Km-84p2-a-82p3:100.00|EB2:100.00|MonteAranda-NSTC-Km-84p2-a-82p3:100.00|MonteAranda-NSTC-Km-84p2-a-82p3:100.00|MonteAranda-NSTC-Km-84p2-a-82p3:100.00|MonteAranda-NSTC-Km-84p2-a-82p3:100.00|MonteAranda-NSTC-Km-84p2-a-82p3:100.00|EB2_1:78.80|MonteAranda-NSTC-Km-84p2-a-82p3:9.20|MonteAranda-NSTC-Km-84p2-a-82p3:9.10|MonteAranda-NSTC-Km-84p2-a-82p3:8.51|MonteAranda-NSTC-Km-84p2-a-82p3:7.97|MonteAranda-NSTC-Km-84p2-a-82p3:7.92|MonteAranda-NSTC-Km-84p2-a-82p3:7.77|MonteAranda-NSTC-Km-84p2-a-82p3:6.98|MonteAranda-NSTC-Km-84p2-a-82p3:6.92|MonteAranda-NSTC-Km-84p2-a-82p3:6.72|MonteAranda-NSTC-Km-84p2-a-82p3:5.79,False,,False,96.611,2026-06-11 10:38:11
True,cruza_multiples_sectores,\\amssclgis10.ams.gmams.cl\CL_MLP_PAO\Vuelos_Drone_Sin_Procesar\INPUT\20260206_Geosupport_primera entrega\SOLO_TIF_02Jun26\GEOSP-TRN-001868_GS_ORTOFOTO EB2 04-02-2026.tif,SOLO_TIF_02Jun26\GEOSP-TRN-001868_GS_ORTOFOTO EB2 04-02-2026.tif,GEOSP-TRN-001868_GS_ORTOFOTO EB2 04-02-2026.tif,CL_MLP_PAO_IF_Ortho_26_02_04_MonteAranda-NSTC-Km-84p2-a-82p3.tif,\\amssclgis10.ams.gmams.cl\CL_MLP_PAO\Chacay_El_Mauro_Drone\26_02\CL_MLP_PAO_IF_Ortho_26_02_04_MonteAranda-NSTC-Km-84p2-a-82p3.tif,CL_MLP_PAO_IF_Ortho_26_02_04_MonteAranda-NSTC-Km-84p2-a-82p3.tif,CL_MLP_PAO_IF_Ortho_26_02_04_MonteAranda-NSTC-Km-84p2-a-82p3,26_02_04,Chacay_El_Mauro_Drone,26_02,MonteAranda-NSTC-Km-84p2-a-82p3,spatial_sector,ok,ok,MonteAranda-NSTC-Km-84p2-a-82p3,MonteAranda-NSTC-Km-84p2-a-82p3,99.99994609327061,18,MonteAranda-NSTC-Km-84p2-a-82p3:100.00|MonteAranda-NSTC-Km-84p2-a-82p3:100.00|MonteAranda-NSTC-Km-84p2-a-82p3:100.00|MonteAranda-NSTC-Km-84p2-a-82p3:100.00|MonteAranda-NSTC-Km-84p2-a-82p3:100.00|MonteAranda-NSTC-Km-84p2-a-82p3:100.00|EB2:85.82|EB2_1:57.08|MonteAranda-NSTC-Km-84p2-a-82p3:6.84|MonteAranda-NSTC-Km-84p2-a-82p3:6.77|MonteAranda-NSTC-Km-84p2-a-82p3:6.34|MonteAranda-NSTC-Km-84p2-a-82p3:5.95|MonteAranda-NSTC-Km-84p2-a-82p3:5.91|MonteAranda-NSTC-Km-84p2-a-82p3:5.80|MonteAranda-NSTC-Km-84p2-a-82p3:5.19|MonteAranda-NSTC-Km-84p2-a-82p3:5.14|MonteAranda-NSTC-Km-84p2-a-82p3:5.00|MonteAranda-NSTC-Km-84p2-a-82p3:4.35,False,,False,128.088,2026-06-11 10:38:15
False,sin_fecha|cruza_multiples_sectores,\\amssclgis10.ams.gmams.cl\CL_MLP_PAO\Vuelos_Drone_Sin_Procesar\INPUT\20260206_Geosupport_primera entrega\SOLO_TIF_02Jun26\GEOSP-TRN-001975_GS_ORTOFOTO_Estacion de bombeo n°2.tif,SOLO_TIF_02Jun26\GEOSP-TRN-001975_GS_ORTOFOTO_Estacion de bombeo n°2.tif,GEOSP-TRN-001975_GS_ORTOFOTO_Estacion de bombeo n°2.tif,,,,,,,,,spatial_sector,sin_fecha,ok,MonteAranda-NSTC-Km-84p2-a-82p3,MonteAranda-NSTC-Km-84p2-a-82p3,99.99998805024367,18,MonteAranda-NSTC-Km-84p2-a-82p3:100.00|MonteAranda-NSTC-Km-84p2-a-82p3:100.00|MonteAranda-NSTC-Km-84p2-a-82p3:100.00|MonteAranda-NSTC-Km-84p2-a-82p3:100.00|MonteAranda-NSTC-Km-84p2-a-82p3:100.00|MonteAranda-NSTC-Km-84p2-a-82p3:100.00|EB2:88.91|EB2_1:61.36|MonteAranda-NSTC-Km-84p2-a-82p3:7.51|MonteAranda-NSTC-Km-84p2-a-82p3:7.43|MonteAranda-NSTC-Km-84p2-a-82p3:6.97|MonteAranda-NSTC-Km-84p2-a-82p3:6.55|MonteAranda-NSTC-Km-84p2-a-82p3:6.50|MonteAranda-NSTC-Km-84p2-a-82p3:6.39|MonteAranda-NSTC-Km-84p2-a-82p3:5.70|MonteAranda-NSTC-Km-84p2-a-82p3:5.65|MonteAranda-NSTC-Km-84p2-a-82p3:5.49|MonteAranda-NSTC-Km-84p2-a-82p3:4.80,False,,False,147.604,2026-06-11 10:38:18
True,cruza_multiples_sectores,\\amssclgis10.ams.gmams.cl\CL_MLP_PAO\Vuelos_Drone_Sin_Procesar\INPUT\20260206_Geosupport_primera entrega\SOLO_TIF_02Jun26\GEOSP-TRN-002016_GS_ORTOFOTO_EB2_26-02-26.tif,SOLO_TIF_02Jun26\GEOSP-TRN-002016_GS_ORTOFOTO_EB2_26-02-26.tif,GEOSP-TRN-002016_GS_ORTOFOTO_EB2_26-02-26.tif,CL_MLP_PAO_IF_Ortho_26_02_26_MonteAranda-NSTC-Km-84p2-a-82p3.tif,\\amssclgis10.ams.gmams.cl\CL_MLP_PAO\Chacay_El_Mauro_Drone\26_02\CL_MLP_PAO_IF_Ortho_26_02_26_MonteAranda-NSTC-Km-84p2-a-82p3.tif,CL_MLP_PAO_IF_Ortho_26_02_26_MonteAranda-NSTC-Km-84p2-a-82p3.tif,CL_MLP_PAO_IF_Ortho_26_02_26_MonteAranda-NSTC-Km-84p2-a-82p3,26_02_26,Chacay_El_Mauro_Drone,26_02,MonteAranda-NSTC-Km-84p2-a-82p3,spatial_sector,ok,ok,MonteAranda-NSTC-Km-84p2-a-82p3,MonteAranda-NSTC-Km-84p2-a-82p3,100.00001511797223,18,MonteAranda-NSTC-Km-84p2-a-82p3:100.00|MonteAranda-NSTC-Km-84p2-a-82p3:100.00|MonteAranda-NSTC-Km-84p2-a-82p3:100.00|MonteAranda-NSTC-Km-84p2-a-82p3:100.00|MonteAranda-NSTC-Km-84p2-a-82p3:100.00|MonteAranda-NSTC-Km-84p2-a-82p3:100.00|EB2:99.12|EB2_1:61.79|MonteAranda-NSTC-Km-84p2-a-82p3:19.69|MonteAranda-NSTC-Km-84p2-a-82p3:19.67|MonteAranda-NSTC-Km-84p2-a-82p3:19.26|MonteAranda-NSTC-Km-84p2-a-82p3:18.24|MonteAranda-NSTC-Km-84p2-a-82p3:18.14|MonteAranda-NSTC-Km-84p2-a-82p3:18.06|MonteAranda-NSTC-Km-84p2-a-82p3:15.01|MonteAranda-NSTC-Km-84p2-a-82p3:14.97|MonteAranda-NSTC-Km-84p2-a-82p3:14.79|MonteAranda-NSTC-Km-84p2-a-82p3:14.69,False,,False,39.182,2026-06-11 10:38:21
True,cruza_multiples_sectores,\\amssclgis10.ams.gmams.cl\CL_MLP_PAO\Vuelos_Drone_Sin_Procesar\INPUT\20260206_Geosupport_primera entrega\SOLO_TIF_02Jun26\GEOSP-TRN-002096_GS_ORTOFOTO_EB2_07-03-2026.tif,SOLO_TIF_02Jun26\GEOSP-TRN-002096_GS_ORTOFOTO_EB2_07-03-2026.tif,GEOSP-TRN-002096_GS_ORTOFOTO_EB2_07-03-2026.tif,CL_MLP_PAO_IF_Ortho_26_03_07_MonteAranda-NSTC-Km-84p2-a-82p3.tif,\\amssclgis10.ams.gmams.cl\CL_MLP_PAO\Chacay_El_Mauro_Drone\26_03\CL_MLP_PAO_IF_Ortho_26_03_07_MonteAranda-NSTC-Km-84p2-a-82p3.tif,CL_MLP_PAO_IF_Ortho_26_03_07_MonteAranda-NSTC-Km-84p2-a-82p3.tif,CL_MLP_PAO_IF_Ortho_26_03_07_MonteAranda-NSTC-Km-84p2-a-82p3,26_03_07,Chacay_El_Mauro_Drone,26_03,MonteAranda-NSTC-Km-84p2-a-82p3,spatial_sector,ok,ok,MonteAranda-NSTC-Km-84p2-a-82p3,MonteAranda-NSTC-Km-84p2-a-82p3,99.99998430005427,18,MonteAranda-NSTC-Km-84p2-a-82p3:100.00|MonteAranda-NSTC-Km-84p2-a-82p3:100.00|MonteAranda-NSTC-Km-84p2-a-82p3:100.00|MonteAranda-NSTC-Km-84p2-a-82p3:100.00|MonteAranda-NSTC-Km-84p2-a-82p3:100.00|MonteAranda-NSTC-Km-84p2-a-82p3:100.00|EB2:85.80|EB2_1:56.06|MonteAranda-NSTC-Km-84p2-a-82p3:7.59|MonteAranda-NSTC-Km-84p2-a-82p3:7.52|MonteAranda-NSTC-Km-84p2-a-82p3:7.08|MonteAranda-NSTC-Km-84p2-a-82p3:6.69|MonteAranda-NSTC-Km-84p2-a-82p3:6.63|MonteAranda-NSTC-Km-84p2-a-82p3:6.53|MonteAranda-NSTC-Km-84p2-a-82p3:5.77|MonteAranda-NSTC-Km-84p2-a-82p3:5.71|MonteAranda-NSTC-Km-84p2-a-82p3:5.55|MonteAranda-NSTC-Km-84p2-a-82p3:4.96,False,,False,225.507,2026-06-11 10:38:24
True,cruza_multiples_sectores,\\amssclgis10.ams.gmams.cl\CL_MLP_PAO\Vuelos_Drone_Sin_Procesar\INPUT\20260206_Geosupport_primera entrega\SOLO_TIF_02Jun26\GEOSP-TRN-002140_GS_ORTOFOTO_EB2_13-03-26.tif,SOLO_TIF_02Jun26\GEOSP-TRN-002140_GS_ORTOFOTO_EB2_13-03-26.tif,GEOSP-TRN-002140_GS_ORTOFOTO_EB2_13-03-26.tif,CL_MLP_PAO_IF_Ortho_26_03_13_MonteAranda-NSTC-Km-84p2-a-82p3.tif,\\amssclgis10.ams.gmams.cl\CL_MLP_PAO\Chacay_El_Mauro_Drone\26_03\CL_MLP_PAO_IF_Ortho_26_03_13_MonteAranda-NSTC-Km-84p2-a-82p3.tif,CL_MLP_PAO_IF_Ortho_26_03_13_MonteAranda-NSTC-Km-84p2-a-82p3.tif,CL_MLP_PAO_IF_Ortho_26_03_13_MonteAranda-NSTC-Km-84p2-a-82p3,26_03_13,Chacay_El_Mauro_Drone,26_03,MonteAranda-NSTC-Km-84p2-a-82p3,spatial_sector,ok,ok,MonteAranda-NSTC-Km-84p2-a-82p3,MonteAranda-NSTC-Km-84p2-a-82p3,100.0000190585023,18,MonteAranda-NSTC-Km-84p2-a-82p3:100.00|MonteAranda-NSTC-Km-84p2-a-82p3:100.00|MonteAranda-NSTC-Km-84p2-a-82p3:100.00|MonteAranda-NSTC-Km-84p2-a-82p3:100.00|MonteAranda-NSTC-Km-84p2-a-82p3:100.00|MonteAranda-NSTC-Km-84p2-a-82p3:100.00|EB2:99.12|EB2_1:61.80|MonteAranda-NSTC-Km-84p2-a-82p3:19.69|MonteAranda-NSTC-Km-84p2-a-82p3:19.67|MonteAranda-NSTC-Km-84p2-a-82p3:19.26|MonteAranda-NSTC-Km-84p2-a-82p3:18.24|MonteAranda-NSTC-Km-84p2-a-82p3:18.14|MonteAranda-NSTC-Km-84p2-a-82p3:18.06|MonteAranda-NSTC-Km-84p2-a-82p3:15.01|MonteAranda-NSTC-Km-84p2-a-82p3:14.97|MonteAranda-NSTC-Km-84p2-a-82p3:14.79|MonteAranda-NSTC-Km-84p2-a-82p3:14.69,False,,False,32.226,2026-06-11 10:38:27
False,sin_fecha|cruza_multiples_sectores,\\amssclgis10.ams.gmams.cl\CL_MLP_PAO\Vuelos_Drone_Sin_Procesar\INPUT\20260206_Geosupport_primera entrega\SOLO_TIF_02Jun26\GEOSP-TRN-002200_ORTOFOTO COMPLETA.tif,SOLO_TIF_02Jun26\GEOSP-TRN-002200_ORTOFOTO COMPLETA.tif,GEOSP-TRN-002200_ORTOFOTO COMPLETA.tif,,,,,,,,,spatial_sector,sin_fecha,ok,MonteAranda-NSTC-Km-84p2-a-82p3,MonteAranda-NSTC-Km-84p2-a-82p3,99.99997838840122,18,MonteAranda-NSTC-Km-84p2-a-82p3:100.00|MonteAranda-NSTC-Km-84p2-a-82p3:100.00|MonteAranda-NSTC-Km-84p2-a-82p3:100.00|MonteAranda-NSTC-Km-84p2-a-82p3:100.00|MonteAranda-NSTC-Km-84p2-a-82p3:100.00|MonteAranda-NSTC-Km-84p2-a-82p3:100.00|EB2:88.90|EB2_1:61.36|MonteAranda-NSTC-Km-84p2-a-82p3:7.51|MonteAranda-NSTC-Km-84p2-a-82p3:7.43|MonteAranda-NSTC-Km-84p2-a-82p3:6.97|MonteAranda-NSTC-Km-84p2-a-82p3:6.55|MonteAranda-NSTC-Km-84p2-a-82p3:6.50|MonteAranda-NSTC-Km-84p2-a-82p3:6.39|MonteAranda-NSTC-Km-84p2-a-82p3:5.70|MonteAranda-NSTC-Km-84p2-a-82p3:5.65|MonteAranda-NSTC-Km-84p2-a-82p3:5.49|MonteAranda-NSTC-Km-84p2-a-82p3:4.80,False,,False,29.916,2026-06-11 10:38:35
True,cruza_multiples_sectores,\\amssclgis10.ams.gmams.cl\CL_MLP_PAO\Vuelos_Drone_Sin_Procesar\INPUT\20260206_Geosupport_primera entrega\SOLO_TIF_02Jun26\GEOSP-TRN-002235_GS_ORTOFOTO_EB2_27-03-26.tif,SOLO_TIF_02Jun26\GEOSP-TRN-002235_GS_ORTOFOTO_EB2_27-03-26.tif,GEOSP-TRN-002235_GS_ORTOFOTO_EB2_27-03-26.tif,CL_MLP_PAO_IF_Ortho_26_03_27_MonteAranda-NSTC-Km-84p2-a-82p3.tif,\\amssclgis10.ams.gmams.cl\CL_MLP_PAO\Chacay_El_Mauro_Drone\26_03\CL_MLP_PAO_IF_Ortho_26_03_27_MonteAranda-NSTC-Km-84p2-a-82p3.tif,CL_MLP_PAO_IF_Ortho_26_03_27_MonteAranda-NSTC-Km-84p2-a-82p3.tif,CL_MLP_PAO_IF_Ortho_26_03_27_MonteAranda-NSTC-Km-84p2-a-82p3,26_03_27,Chacay_El_Mauro_Drone,26_03,MonteAranda-NSTC-Km-84p2-a-82p3,spatial_sector,ok,ok,MonteAranda-NSTC-Km-84p2-a-82p3,MonteAranda-NSTC-Km-84p2-a-82p3,99.99998708663769,18,MonteAranda-NSTC-Km-84p2-a-82p3:100.00|MonteAranda-NSTC-Km-84p2-a-82p3:100.00|MonteAranda-NSTC-Km-84p2-a-82p3:100.00|MonteAranda-NSTC-Km-84p2-a-82p3:100.00|MonteAranda-NSTC-Km-84p2-a-82p3:100.00|MonteAranda-NSTC-Km-84p2-a-82p3:100.00|EB2:99.12|EB2_1:61.80|MonteAranda-NSTC-Km-84p2-a-82p3:19.69|MonteAranda-NSTC-Km-84p2-a-82p3:19.67|MonteAranda-NSTC-Km-84p2-a-82p3:19.26|MonteAranda-NSTC-Km-84p2-a-82p3:18.25|MonteAranda-NSTC-Km-84p2-a-82p3:18.14|MonteAranda-NSTC-Km-84p2-a-82p3:18.07|MonteAranda-NSTC-Km-84p2-a-82p3:15.01|MonteAranda-NSTC-Km-84p2-a-82p3:14.97|MonteAranda-NSTC-Km-84p2-a-82p3:14.79|MonteAranda-NSTC-Km-84p2-a-82p3:14.69,False,,False,29.406,2026-06-11 10:38:36
False,sin_fecha|cruza_multiples_sectores,\\amssclgis10.ams.gmams.cl\CL_MLP_PAO\Vuelos_Drone_Sin_Procesar\INPUT\20260206_Geosupport_primera entrega\SOLO_TIF_02Jun26\GEOSP-TRN-002300_ortofoto completa.tif,SOLO_TIF_02Jun26\GEOSP-TRN-002300_ortofoto completa.tif,GEOSP-TRN-002300_ortofoto completa.tif,,,,,,,,,spatial_sector,sin_fecha,ok,MonteAranda-NSTC-Km-84p2-a-82p3,MonteAranda-NSTC-Km-84p2-a-82p3,100.0000019237276,18,MonteAranda-NSTC-Km-84p2-a-82p3:100.00|MonteAranda-NSTC-Km-84p2-a-82p3:100.00|MonteAranda-NSTC-Km-84p2-a-82p3:100.00|MonteAranda-NSTC-Km-84p2-a-82p3:100.00|MonteAranda-NSTC-Km-84p2-a-82p3:100.00|MonteAranda-NSTC-Km-84p2-a-82p3:100.00|EB2:88.90|EB2_1:61.36|MonteAranda-NSTC-Km-84p2-a-82p3:7.51|MonteAranda-NSTC-Km-84p2-a-82p3:7.43|MonteAranda-NSTC-Km-84p2-a-82p3:6.97|MonteAranda-NSTC-Km-84p2-a-82p3:6.55|MonteAranda-NSTC-Km-84p2-a-82p3:6.50|MonteAranda-NSTC-Km-84p2-a-82p3:6.39|MonteAranda-NSTC-Km-84p2-a-82p3:5.70|MonteAranda-NSTC-Km-84p2-a-82p3:5.65|MonteAranda-NSTC-Km-84p2-a-82p3:5.49|MonteAranda-NSTC-Km-84p2-a-82p3:4.80,False,,False,50.335,2026-06-11 10:38:43
True,cruza_multiples_sectores,\\amssclgis10.ams.gmams.cl\CL_MLP_PAO\Vuelos_Drone_Sin_Procesar\INPUT\20260206_Geosupport_primera entrega\SOLO_TIF_02Jun26\GEOSP-TRN-002356_GS_ORTOFOTO_EB2_12-04-26.tif,SOLO_TIF_02Jun26\GEOSP-TRN-002356_GS_ORTOFOTO_EB2_12-04-26.tif,GEOSP-TRN-002356_GS_ORTOFOTO_EB2_12-04-26.tif,CL_MLP_PAO_IF_Ortho_26_04_12_MonteAranda-NSTC-Km-84p2-a-82p3.tif,\\amssclgis10.ams.gmams.cl\CL_MLP_PAO\Chacay_El_Mauro_Drone\26_04\CL_MLP_PAO_IF_Ortho_26_04_12_MonteAranda-NSTC-Km-84p2-a-82p3.tif,CL_MLP_PAO_IF_Ortho_26_04_12_MonteAranda-NSTC-Km-84p2-a-82p3.tif,CL_MLP_PAO_IF_Ortho_26_04_12_MonteAranda-NSTC-Km-84p2-a-82p3,26_04_12,Chacay_El_Mauro_Drone,26_04,MonteAranda-NSTC-Km-84p2-a-82p3,spatial_sector,ok,ok,MonteAranda-NSTC-Km-84p2-a-82p3,MonteAranda-NSTC-Km-84p2-a-82p3,99.99999331604364,18,MonteAranda-NSTC-Km-84p2-a-82p3:100.00|MonteAranda-NSTC-Km-84p2-a-82p3:100.00|MonteAranda-NSTC-Km-84p2-a-82p3:100.00|MonteAranda-NSTC-Km-84p2-a-82p3:100.00|MonteAranda-NSTC-Km-84p2-a-82p3:100.00|MonteAranda-NSTC-Km-84p2-a-82p3:100.00|EB2:99.13|EB2_1:61.80|MonteAranda-NSTC-Km-84p2-a-82p3:19.69|MonteAranda-NSTC-Km-84p2-a-82p3:19.67|MonteAranda-NSTC-Km-84p2-a-82p3:19.26|MonteAranda-NSTC-Km-84p2-a-82p3:18.25|MonteAranda-NSTC-Km-84p2-a-82p3:18.14|MonteAranda-NSTC-Km-84p2-a-82p3:18.06|MonteAranda-NSTC-Km-84p2-a-82p3:15.01|MonteAranda-NSTC-Km-84p2-a-82p3:14.97|MonteAranda-NSTC-Km-84p2-a-82p3:14.79|MonteAranda-NSTC-Km-84p2-a-82p3:14.69,False,,False,45.081,2026-06-11 10:38:44
True,cruza_multiples_sectores,\\amssclgis10.ams.gmams.cl\CL_MLP_PAO\Vuelos_Drone_Sin_Procesar\INPUT\20260206_Geosupport_primera entrega\SOLO_TIF_02Jun26\GEOSP-TRN-002415_GS_ORTOFOTO_EB2_190426.tif,SOLO_TIF_02Jun26\GEOSP-TRN-002415_GS_ORTOFOTO_EB2_190426.tif,GEOSP-TRN-002415_GS_ORTOFOTO_EB2_190426.tif,CL_MLP_PAO_IF_Ortho_26_04_19_MonteAranda-NSTC-Km-84p2-a-82p3.tif,\\amssclgis10.ams.gmams.cl\CL_MLP_PAO\Chacay_El_Mauro_Drone\26_04\CL_MLP_PAO_IF_Ortho_26_04_19_MonteAranda-NSTC-Km-84p2-a-82p3.tif,CL_MLP_PAO_IF_Ortho_26_04_19_MonteAranda-NSTC-Km-84p2-a-82p3.tif,CL_MLP_PAO_IF_Ortho_26_04_19_MonteAranda-NSTC-Km-84p2-a-82p3,26_04_19,Chacay_El_Mauro_Drone,26_04,MonteAranda-NSTC-Km-84p2-a-82p3,spatial_sector,ok,ok,MonteAranda-NSTC-Km-84p2-a-82p3,MonteAranda-NSTC-Km-84p2-a-82p3,100.00001649942725,18,MonteAranda-NSTC-Km-84p2-a-82p3:100.00|MonteAranda-NSTC-Km-84p2-a-82p3:100.00|MonteAranda-NSTC-Km-84p2-a-82p3:100.00|MonteAranda-NSTC-Km-84p2-a-82p3:100.00|MonteAranda-NSTC-Km-84p2-a-82p3:100.00|MonteAranda-NSTC-Km-84p2-a-82p3:100.00|EB2:88.91|EB2_1:61.37|MonteAranda-NSTC-Km-84p2-a-82p3:7.51|MonteAranda-NSTC-Km-84p2-a-82p3:7.44|MonteAranda-NSTC-Km-84p2-a-82p3:6.97|MonteAranda-NSTC-Km-84p2-a-82p3:6.55|MonteAranda-NSTC-Km-84p2-a-82p3:6.50|MonteAranda-NSTC-Km-84p2-a-82p3:6.39|MonteAranda-NSTC-Km-84p2-a-82p3:5.70|MonteAranda-NSTC-Km-84p2-a-82p3:5.65|MonteAranda-NSTC-Km-84p2-a-82p3:5.49|MonteAranda-NSTC-Km-84p2-a-82p3:4.81,False,,False,42.079,2026-06-11 10:38:47
True,cruza_multiples_sectores,\\amssclgis10.ams.gmams.cl\CL_MLP_PAO\Vuelos_Drone_Sin_Procesar\INPUT\20260206_Geosupport_primera entrega\SOLO_TIF_02Jun26\GEOSP-TRN-002456_ORTOFOTO_CORTADA_EB2_260426.tif,SOLO_TIF_02Jun26\GEOSP-TRN-002456_ORTOFOTO_CORTADA_EB2_260426.tif,GEOSP-TRN-002456_ORTOFOTO_CORTADA_EB2_260426.tif,CL_MLP_PAO_IF_Ortho_26_04_26_MonteAranda-NSTC-Km-84p2-a-82p3.tif,\\amssclgis10.ams.gmams.cl\CL_MLP_PAO\Chacay_El_Mauro_Drone\26_04\CL_MLP_PAO_IF_Ortho_26_04_26_MonteAranda-NSTC-Km-84p2-a-82p3.tif,CL_MLP_PAO_IF_Ortho_26_04_26_MonteAranda-NSTC-Km-84p2-a-82p3.tif,CL_MLP_PAO_IF_Ortho_26_04_26_MonteAranda-NSTC-Km-84p2-a-82p3,26_04_26,Chacay_El_Mauro_Drone,26_04,MonteAranda-NSTC-Km-84p2-a-82p3,spatial_sector,ok,ok,MonteAranda-NSTC-Km-84p2-a-82p3,MonteAranda-NSTC-Km-84p2-a-82p3,100.00001165454849,18,MonteAranda-NSTC-Km-84p2-a-82p3:100.00|MonteAranda-NSTC-Km-84p2-a-82p3:100.00|MonteAranda-NSTC-Km-84p2-a-82p3:100.00|MonteAranda-NSTC-Km-84p2-a-82p3:100.00|MonteAranda-NSTC-Km-84p2-a-82p3:100.00|MonteAranda-NSTC-Km-84p2-a-82p3:100.00|EB2:88.91|EB2_1:61.36|MonteAranda-NSTC-Km-84p2-a-82p3:7.51|MonteAranda-NSTC-Km-84p2-a-82p3:7.43|MonteAranda-NSTC-Km-84p2-a-82p3:6.97|MonteAranda-NSTC-Km-84p2-a-82p3:6.55|MonteAranda-NSTC-Km-84p2-a-82p3:6.50|MonteAranda-NSTC-Km-84p2-a-82p3:6.39|MonteAranda-NSTC-Km-84p2-a-82p3:5.70|MonteAranda-NSTC-Km-84p2-a-82p3:5.65|MonteAranda-NSTC-Km-84p2-a-82p3:5.49|MonteAranda-NSTC-Km-84p2-a-82p3:4.80,False,,False,38.723,2026-06-11 10:38:49
False,descartar_posible_plano|cruza_multiples_sectores,\\amssclgis10.ams.gmams.cl\CL_MLP_PAO\Vuelos_Drone_Sin_Procesar\INPUT\20260206_Geosupport_primera entrega\SOLO_TIF_02Jun26\GEOSP-TRN-002504_1001-03-T-CS-202-4310-C-DW-23478[000].tif,SOLO_TIF_02Jun26\GEOSP-TRN-002504_1001-03-T-CS-202-4310-C-DW-23478[000].tif,GEOSP-TRN-002504_1001-03-T-CS-202-4310-C-DW-23478[000].tif,,,,,,,,,descartar_posible_plano,descartar_posible_plano,ok,Subestacion-El-Mauro_A_E35,Subestacion-El-Mauro_A_E35,99.99996438693184,18,Subestacion-El-Mauro_A_E35:100.00|Subestacion-El-Mauro_A_E35:100.00|Subestacion-El-Mauro_A_E35:100.00|Subestacion-El-Mauro_A_E35:100.00|Subestacion-El-Mauro_A_E35_:100.00|TORRES_E12_-_E30_PV4:93.38|TORRES_E12_-_E30_PV4:93.35|TORRES_E12_-_E30_PV4:93.27|Linea-33-kV-NorteElMauro-Area3:93.24|TORRES_E12_-_E30_PV4:53.76|TORRES_E12_-_E30_PV4:14.98|Subestacion-El-Mauro_A_E35_:10.94|Subestacion-El-Mauro_A_E35:10.51|TORRES_E31_A_E48_PV4:2.53|TORRES_E31_A_E48_PV4:2.49|TORRES_E31_A_E48_PV4:2.47|Linea-33-kV-NorteElMauro-Area1:2.41|33-kV-NSTC-Km-74p7-a-75p5:2.40,False,,False,41.831,2026-06-11 10:38:54
True,cruza_multiples_sectores,\\amssclgis10.ams.gmams.cl\CL_MLP_PAO\Vuelos_Drone_Sin_Procesar\INPUT\20260206_Geosupport_primera entrega\SOLO_TIF_02Jun26\GEOSP-TRN-002507_GS_ORTOFOTO PLATAFORMA 30-04-2026.tif,SOLO_TIF_02Jun26\GEOSP-TRN-002507_GS_ORTOFOTO PLATAFORMA 30-04-2026.tif,GEOSP-TRN-002507_GS_ORTOFOTO PLATAFORMA 30-04-2026.tif,CL_MLP_PAO_IF_Ortho_26_04_30_Subestacion-El-Mauro_A_E35.tif,\\amssclgis10.ams.gmams.cl\CL_MLP_PAO\El_Mauro_Drone\26_04\CL_MLP_PAO_IF_Ortho_26_04_30_Subestacion-El-Mauro_A_E35.tif,CL_MLP_PAO_IF_Ortho_26_04_30_Subestacion-El-Mauro_A_E35.tif,CL_MLP_PAO_IF_Ortho_26_04_30_Subestacion-El-Mauro_A_E35,26_04_30,El_Mauro_Drone,26_04,Subestacion-El-Mauro_A_E35,spatial_sector,ok,ok,Subestacion-El-Mauro_A_E35,Subestacion-El-Mauro_A_E35,70.44416597567759,82,Subestacion-El-Mauro_A_E35:70.44|Subestacion-El-Mauro_A_E35_:69.88|Subestacion-El-Mauro_A_E35:69.68|Subestacion-El-Mauro_A_E35:69.54|Subestacion-El-Mauro_A_E35:69.49|Subestacion-El-Mauro_A_E35_:38.70|Subestacion-El-Mauro_A_E35:37.48|EM4:30.14|EM4:30.09|EM4:30.04|EM4:30.03|EM4:29.82|EM4:29.73|Subestacion-El-Mauro_A_E35:29.25|EM4_PR2:21.77|Linea-33-kV-NorteElMauro-Area6:21.75|EM4_PR2:21.75|Plataforma_Integrada_El_Mauro:21.45|Plataforma_Integrada_El_Mauro:21.22|Plataforma_Integrada_El_Mauro:21.09|Plataforma_Integrada_El_Mauro:20.63|Plataforma_Integrada_El_Mauro:20.61|Plataforma_Integrada_El_Mauro:20.30|Plataforma_Integrada_El_Mauro:19.64|Plataforma_Integrada_El_Mauro:19.58|Plataforma_Integrada_El_Mauro:18.16|Plataforma_Integrada_El_Mauro:17.92|TORRES_E12_-_E30_PV4:17.87|TORRES_E12_-_E30_PV4:17.85|TORRES_E12_-_E30_PV4:17.82|TORRES_E12_-_E30_PV4:17.80|Linea-33-kV-NorteElMauro-Area3:17.73|TORRES_E12_-_E30_PV4:17.05|Pozos_PRP:16.51|Acceso_a_pozos:16.49|Acceso_a_pozos:16.26|Acceso_a_pozos:16.16|Acceso_a_pozos:15.75|Subestacion-El-Mauro_A_E35:15.23|EBD:14.59|Pozos_PRP:13.87|EM4:12.85|EM4:12.84|Linea-33-kV-NorteElMauro-Area7:12.83|EM4:12.83|Plataforma_Integrada_El_Mauro:12.81|Plataforma_Integrada_El_Mauro:12.80|Plataforma_Integrada_El_Mauro:12.74|Plataforma_Integrada_El_Mauro:12.12|Plataforma_Integrada_El_Mauro:11.06|Plataforma_Integrada_El_Mauro:11.06|Plataforma_Integrada_El_Mauro:11.05|EBD:8.86|EBD:8.81|EBD:8.81|EBD:8.80|EBD:8.79|EBD:8.72|EBD:8.70|EBD:8.38|EM4:8.21|EM4:5.15|EM4:5.15|EM4:5.14|Estacion_Drenes_El_Mauro:4.54|EBD:4.52|Hidrociclones:3.32|Pozos_PRP:0.13|Pozos_PRP:0.13|Pozos_PRP:0.13|Pozos_PRP:0.13|Pozos_PRP:0.13|Pozos_PRP:0.13|Linea-33-kV-NorteElMauro-Area3:0.12|Pozos_PRP:0.12|Linea-33-kV-NorteElMauro-Area3_1:0.12|Linea-33-kV-NorteElMauro-Area3_1:0.12|Pozos_PRP:0.12|Linea-33-kV-NorteElMauro-Area3:0.12|Linea-33-kV-NorteElMauro-Area3:0.12|Linea-33-kV-NorteElMauro-Area3:0.12|EBD:0.09,False,,False,852.631,2026-06-11 10:39:01
False,descartar_posible_plano,\\amssclgis10.ams.gmams.cl\CL_MLP_PAO\Vuelos_Drone_Sin_Procesar\INPUT\20260206_Geosupport_primera entrega\SOLO_TIF_02Jun26\GEOSP-TRN-002517_1001-03-T-CS-202-5600-C-DW-11486[000].tif,SOLO_TIF_02Jun26\GEOSP-TRN-002517_1001-03-T-CS-202-5600-C-DW-11486[000].tif,GEOSP-TRN-002517_1001-03-T-CS-202-5600-C-DW-11486[000].tif,,,,,,,,,descartar_posible_plano,descartar_posible_plano,sin_cruce_sector,,,0.0,0,,False,,False,128.886,2026-06-11 10:39:03
True,cruza_multiples_sectores,\\amssclgis10.ams.gmams.cl\CL_MLP_PAO\Vuelos_Drone_Sin_Procesar\INPUT\20260206_Geosupport_primera entrega\SOLO_TIF_02Jun26\GEOSP-TRN-002522_GS_ORTOFOTO_EB2_020526.tif,SOLO_TIF_02Jun26\GEOSP-TRN-002522_GS_ORTOFOTO_EB2_020526.tif,GEOSP-TRN-002522_GS_ORTOFOTO_EB2_020526.tif,CL_MLP_PAO_IF_Ortho_26_05_02_MonteAranda-NSTC-Km-84p2-a-82p3.tif,\\amssclgis10.ams.gmams.cl\CL_MLP_PAO\Chacay_El_Mauro_Drone\26_05\CL_MLP_PAO_IF_Ortho_26_05_02_MonteAranda-NSTC-Km-84p2-a-82p3.tif,CL_MLP_PAO_IF_Ortho_26_05_02_MonteAranda-NSTC-Km-84p2-a-82p3.tif,CL_MLP_PAO_IF_Ortho_26_05_02_MonteAranda-NSTC-Km-84p2-a-82p3,26_05_02,Chacay_El_Mauro_Drone,26_05,MonteAranda-NSTC-Km-84p2-a-82p3,spatial_sector,ok,ok,MonteAranda-NSTC-Km-84p2-a-82p3,MonteAranda-NSTC-Km-84p2-a-82p3,100.00000818697579,18,MonteAranda-NSTC-Km-84p2-a-82p3:100.00|MonteAranda-NSTC-Km-84p2-a-82p3:100.00|MonteAranda-NSTC-Km-84p2-a-82p3:100.00|MonteAranda-NSTC-Km-84p2-a-82p3:100.00|MonteAranda-NSTC-Km-84p2-a-82p3:100.00|MonteAranda-NSTC-Km-84p2-a-82p3:100.00|EB2:88.91|EB2_1:61.37|MonteAranda-NSTC-Km-84p2-a-82p3:7.51|MonteAranda-NSTC-Km-84p2-a-82p3:7.44|MonteAranda-NSTC-Km-84p2-a-82p3:6.97|MonteAranda-NSTC-Km-84p2-a-82p3:6.55|MonteAranda-NSTC-Km-84p2-a-82p3:6.50|MonteAranda-NSTC-Km-84p2-a-82p3:6.39|MonteAranda-NSTC-Km-84p2-a-82p3:5.70|MonteAranda-NSTC-Km-84p2-a-82p3:5.65|MonteAranda-NSTC-Km-84p2-a-82p3:5.49|MonteAranda-NSTC-Km-84p2-a-82p3:4.81,False,,False,47.776,2026-06-11 10:39:05
False,descartar_posible_plano|cruza_multiples_sectores,\\amssclgis10.ams.gmams.cl\CL_MLP_PAO\Vuelos_Drone_Sin_Procesar\INPUT\20260206_Geosupport_primera entrega\SOLO_TIF_02Jun26\GEOSP-TRN-002551_1001-03-T-CS-202-5600-C-DW-11490[000].tif,SOLO_TIF_02Jun26\GEOSP-TRN-002551_1001-03-T-CS-202-5600-C-DW-11490[000].tif,GEOSP-TRN-002551_1001-03-T-CS-202-5600-C-DW-11490[000].tif,,,,,,,,,descartar_posible_plano,descartar_posible_plano,ok,TORRE_E85_A_E_125,TORRE_E85_A_E_125,93.00696479338842,16,TORRE_E85_A_E_125:93.01|TORRE_E85_A_E_125:92.95|TORRE_E85_A_E_125:92.80|TORRE_E85_A_E_125:92.79|TORRE_E85_A_E_125:92.49|TORRE_E85_A_E_125:92.43|TORRE_E85_A_E_125:91.63|TORRE_E85_A_E_125:84.46|TORRE_E85_A_E_125:84.45|DME5A-DME17-a-NSTC-78p9:84.39|TORRES_E84_A_E127:83.92|TORRE_E85_A_E_125:83.77|TORRES_E85_A_E125:75.34|TORRE_E85_A_E125:75.22|TORRE_E85_A_E_125:75.22|TORRE_E85_A_E_125:75.22,False,,False,37.785,2026-06-11 10:39:07
False,descartar_posible_plano,\\amssclgis10.ams.gmams.cl\CL_MLP_PAO\Vuelos_Drone_Sin_Procesar\INPUT\20260206_Geosupport_primera entrega\SOLO_TIF_02Jun26\GEOSP-TRN-002562_1001-03-T-CS-202-5600-C-DW-11492[000].tif,SOLO_TIF_02Jun26\GEOSP-TRN-002562_1001-03-T-CS-202-5600-C-DW-11492[000].tif,GEOSP-TRN-002562_1001-03-T-CS-202-5600-C-DW-11492[000].tif,,,,,,,,,descartar_posible_plano,descartar_posible_plano,sin_cruce_sector,,,0.0,0,,False,,False,47.647,2026-06-11 10:39:08
False,descartar_posible_plano|cruza_multiples_sectores,\\amssclgis10.ams.gmams.cl\CL_MLP_PAO\Vuelos_Drone_Sin_Procesar\INPUT\20260206_Geosupport_primera entrega\SOLO_TIF_02Jun26\GEOSP-TRN-002566_1001-03-T-CS-202-5600-C-DW-11494[000].tif,SOLO_TIF_02Jun26\GEOSP-TRN-002566_1001-03-T-CS-202-5600-C-DW-11494[000].tif,GEOSP-TRN-002566_1001-03-T-CS-202-5600-C-DW-11494[000].tif,,,,,,,,,descartar_posible_plano,descartar_posible_plano,ok,TORRES_E48_A_E84_PV4,TORRES_E48_A_E84_PV4,100.00000702534622,14,TORRES_E48_A_E84_PV4:100.00|TORRES_E48_A_E84_PV4:100.00|TORRES_E48_A_E84_PV4:100.00|TORRES_E48_A_E84_PV4:100.00|TORRES_E48_A_E84_PV4:100.00|TORRES_E48_A_E84_PV4:100.00|TORRES_E48_A_E84_PV4:100.00|TORRES_E48_A_E84_PV4:99.99|TORRE_E48_A_E84_PV4:96.89|TORRE_E48_A_E84_PV4:96.76|TORRES_E48_A_E84_PV4:42.74|TORRES_E48_A_E84_PV4:21.01|InstalacionesTipay:16.65|TORRES_E48_A_E84_PV4:15.47,False,,False,62.129,2026-06-11 10:39:10
True,cruza_multiples_sectores,\\amssclgis10.ams.gmams.cl\CL_MLP_PAO\Vuelos_Drone_Sin_Procesar\INPUT\20260206_Geosupport_primera entrega\SOLO_TIF_02Jun26\GEOSP-TRN-002572_GS_Ortofoto_EDT_09-05-26.tif,SOLO_TIF_02Jun26\GEOSP-TRN-002572_GS_Ortofoto_EDT_09-05-26.tif,GEOSP-TRN-002572_GS_Ortofoto_EDT_09-05-26.tif,CL_MLP_PAO_IF_Ortho_26_05_09_EDT.tif,\\amssclgis10.ams.gmams.cl\CL_MLP_PAO\Puerto_Punta_Chungo_Drone\26_05\CL_MLP_PAO_IF_Ortho_26_05_09_EDT.tif,CL_MLP_PAO_IF_Ortho_26_05_09_EDT.tif,CL_MLP_PAO_IF_Ortho_26_05_09_EDT,26_05_09,Puerto_Punta_Chungo_Drone,26_05,EDT,spatial_sector,ok,ok,EDT,EDT,5.3640968687307,6,EDT:5.36|EDT:5.33|EDT:5.30|EDT:5.29|EDT:5.19|EDT:3.96,False,,False,32.658,2026-06-11 10:39:11
False,sin_cruce_sector,\\amssclgis10.ams.gmams.cl\CL_MLP_PAO\Vuelos_Drone_Sin_Procesar\INPUT\20260206_Geosupport_primera entrega\SOLO_TIF_02Jun26\GEOSP-TRN-002573_GS_ORTOFOTO DEP13 - PV5 (08-05-2026).tif,SOLO_TIF_02Jun26\GEOSP-TRN-002573_GS_ORTOFOTO DEP13 - PV5 (08-05-2026).tif,GEOSP-TRN-002573_GS_ORTOFOTO DEP13 - PV5 (08-05-2026).tif,,,,,26_05_08,,26_05,,spatial_sector,sin_cruce_sector,sin_cruce_sector,,,0.0,0,,False,,False,32.534,2026-06-11 10:39:15
False,sin_cruce_sector,\\amssclgis10.ams.gmams.cl\CL_MLP_PAO\Vuelos_Drone_Sin_Procesar\INPUT\20260206_Geosupport_primera entrega\SOLO_TIF_02Jun26\GEOSP-TRN-002576_GS_ORTOFOTO PATIO SDRNP_08-05-2026.tif,SOLO_TIF_02Jun26\GEOSP-TRN-002576_GS_ORTOFOTO PATIO SDRNP_08-05-2026.tif,GEOSP-TRN-002576_GS_ORTOFOTO PATIO SDRNP_08-05-2026.tif,,,,,26_05_08,,26_05,,spatial_sector,sin_cruce_sector,sin_cruce_sector,,,0.0,0,,False,,False,348.052,2026-06-11 10:39:20
False,descartar_posible_plano,\\amssclgis10.ams.gmams.cl\CL_MLP_PAO\Vuelos_Drone_Sin_Procesar\INPUT\20260206_Geosupport_primera entrega\SOLO_TIF_02Jun26\GEOSP-TRN-002577_1001-03-T-CS-202-5600-C-DW-11500[000].tif,SOLO_TIF_02Jun26\GEOSP-TRN-002577_1001-03-T-CS-202-5600-C-DW-11500[000].tif,GEOSP-TRN-002577_1001-03-T-CS-202-5600-C-DW-11500[000].tif,,,,,,,,,descartar_posible_plano,descartar_posible_plano,sin_cruce_sector,,,0.0,0,,False,,False,2.235,2026-06-11 10:39:21
False,sin_fecha,\\amssclgis10.ams.gmams.cl\CL_MLP_PAO\Vuelos_Drone_Sin_Procesar\INPUT\20260206_Geosupport_primera entrega\SOLO_TIF_02Jun26\GEOSP-TRN-002580_GS_Ortofoto Deposito Patio Pulmon.tif,SOLO_TIF_02Jun26\GEOSP-TRN-002580_GS_Ortofoto Deposito Patio Pulmon.tif,GEOSP-TRN-002580_GS_Ortofoto Deposito Patio Pulmon.tif,,,,,,,,,spatial_sector,sin_fecha,sin_cruce_sector,,,0.0,0,,False,,False,36.005,2026-06-11 10:39:24
False,descartar_posible_plano|cruza_multiples_sectores,\\amssclgis10.ams.gmams.cl\CL_MLP_PAO\Vuelos_Drone_Sin_Procesar\INPUT\20260206_Geosupport_primera entrega\SOLO_TIF_02Jun26\GEOSP-TRN-002587_1001-03-T-CS-202-5600-C-DW-11504[000].tif,SOLO_TIF_02Jun26\GEOSP-TRN-002587_1001-03-T-CS-202-5600-C-DW-11504[000].tif,GEOSP-TRN-002587_1001-03-T-CS-202-5600-C-DW-11504[000].tif,,,,,,,,,descartar_posible_plano,descartar_posible_plano,ok,TORRES_E48_A_E84_PV4,TORRES_E48_A_E84_PV4,99.99999100926865,10,TORRES_E48_A_E84_PV4:100.00|TORRES_E48_A_E84_PV4:98.89|TORRES_E48_A_E84_PV4:98.18|TORRES_E48_A_E84_PV4:97.65|TORRES_E48_A_E84_PV4:97.64|TORRES_E48_A_E84_PV4:95.73|TORRES_E48_A_E84_PV4:95.72|TORRES_E48_A_E84_PV4:54.15|TORRE_E48_A_E84_PV4:28.01|TORRE_E48_A_E84_PV4:27.40,False,,False,11.14,2026-06-11 10:39:24
False,descartar_posible_plano,\\amssclgis10.ams.gmams.cl\CL_MLP_PAO\Vuelos_Drone_Sin_Procesar\INPUT\20260206_Geosupport_primera entrega\SOLO_TIF_02Jun26\GEOSP-TRN-002588_1001-03-T-CS-202-5600-C-DW-11502[000].tif,SOLO_TIF_02Jun26\GEOSP-TRN-002588_1001-03-T-CS-202-5600-C-DW-11502[000].tif,GEOSP-TRN-002588_1001-03-T-CS-202-5600-C-DW-11502[000].tif,,,,,,,,,descartar_posible_plano,descartar_posible_plano,sin_cruce_sector,,,0.0,0,,False,,False,5.468,2026-06-11 10:39:25
False,descartar_posible_plano,\\amssclgis10.ams.gmams.cl\CL_MLP_PAO\Vuelos_Drone_Sin_Procesar\INPUT\20260206_Geosupport_primera entrega\SOLO_TIF_02Jun26\GEOSP-TRN-002590_1001-03-T-CS-202-5600-C-DW-11506[000].tif,SOLO_TIF_02Jun26\GEOSP-TRN-002590_1001-03-T-CS-202-5600-C-DW-11506[000].tif,GEOSP-TRN-002590_1001-03-T-CS-202-5600-C-DW-11506[000].tif,,,,,,,,,descartar_posible_plano,descartar_posible_plano,sin_cruce_sector,,,0.0,0,,False,,False,3.543,2026-06-11 10:39:26
True,cruza_multiples_sectores,\\amssclgis10.ams.gmams.cl\CL_MLP_PAO\Vuelos_Drone_Sin_Procesar\INPUT\20260206_Geosupport_primera entrega\SOLO_TIF_02Jun26\SIN_ID_GS_ORTOFOTO_ESTACION DE VALVULAS N°1 (prioridad 14)_29_05_26_.tif,SOLO_TIF_02Jun26\SIN_ID_GS_ORTOFOTO_ESTACION DE VALVULAS N°1 (prioridad 14)_29_05_26_.tif,SIN_ID_GS_ORTOFOTO_ESTACION DE VALVULAS N°1 (prioridad 14)_29_05_26_.tif,CL_MLP_PAO_IF_Ortho_26_05_29_EV1.tif,\\amssclgis10.ams.gmams.cl\CL_MLP_PAO\Chacay_El_Mauro_Drone\26_05\CL_MLP_PAO_IF_Ortho_26_05_29_EV1.tif,CL_MLP_PAO_IF_Ortho_26_05_29_EV1.tif,CL_MLP_PAO_IF_Ortho_26_05_29_EV1,26_05_29,Chacay_El_Mauro_Drone,26_05,EV1,spatial_sector,ok,ok,EV1,EV1,49.79746003626564,16,EV1:49.80|EV1:49.54|EV1:49.39|EV1:48.37|EV1:48.23|EV1:47.81|EV1:45.34|EV1:40.26|EV1:39.55|EV1:39.55|EV1:39.52|EV1:39.49|EV1_1:39.34|EV1:39.29|EV1:39.02|EV1:21.11,False,,False,717.701,2026-05-30 15:12:22
