"Name","Raster","Path_Destino","Sector","Fecha_Adqui","URL","Proyecto","Sensor","Fecha_Publ","file_name","relative_path"
"CL_MLP_PAO_IF_Ortho_26_05_01_Estacion_Cabecera","CL_MLP_PAO_IF_Ortho_26_05_01_Estacion_Cabecera.tif","\\amssclgis10.ams.gmams.cl\CL_MLP_PAO\Chacay_Drone\26_05\CL_MLP_PAO_IF_Ortho_26_05_01_Estacion_Cabecera.tif","Estacion_Cabecera","2026-05-01","https://sig.aminerals.cl/imgdyn/rest/services/CL_MLP_PAO/CL_MLP_PAO_IF_Ortho_Geosupport/ImageServer/file?id=.\Chacay_Drone\26_05\CL_MLP_PAO_IF_Ortho_26_05_01_Estacion_Cabecera.tif&rasterId=","PAO","DJI Mavic Enterprise","2026-06-15","GEOSP-TRN-002511_GS_Ortofoto Estación Cabeceras (EC)_01_05_26.tif","SOLO_TIF_19May26\GEOSP-TRN-002511_GS_Ortofoto Estación Cabeceras (EC)_01_05_26.tif"
"CL_MLP_PAO_IF_Ortho_26_05_06_Subestacion-El-Mauro-1","CL_MLP_PAO_IF_Ortho_26_05_06_Subestacion-El-Mauro-1.tif","\\amssclgis10.ams.gmams.cl\CL_MLP_PAO\El_Mauro_Drone\26_05\CL_MLP_PAO_IF_Ortho_26_05_06_Subestacion-El-Mauro-1.tif","Subestacion-El-Mauro","2026-05-06","https://sig.aminerals.cl/imgdyn/rest/services/CL_MLP_PAO/CL_MLP_PAO_IF_Ortho_Geosupport/ImageServer/file?id=.\El_Mauro_Drone\26_05\CL_MLP_PAO_IF_Ortho_26_05_06_Subestacion-El-Mauro-1.tif&rasterId=","PAO","DJI Mavic Enterprise","2026-06-15","GEOSP-TRN-002545_GS_ORTOFOTO_EB3_06-05-26.tif","SOLO_TIF_19May26\GEOSP-TRN-002545_GS_ORTOFOTO_EB3_06-05-26.tif"
"CL_MLP_PAO_IF_Ortho_26_05_06_Subestacion-El-Mauro-2","CL_MLP_PAO_IF_Ortho_26_05_06_Subestacion-El-Mauro-2.tif","\\amssclgis10.ams.gmams.cl\CL_MLP_PAO\El_Mauro_Drone\26_05\CL_MLP_PAO_IF_Ortho_26_05_06_Subestacion-El-Mauro-2.tif","Subestacion-El-Mauro","2026-05-06","https://sig.aminerals.cl/imgdyn/rest/services/CL_MLP_PAO/CL_MLP_PAO_IF_Ortho_Geosupport/ImageServer/file?id=.\El_Mauro_Drone\26_05\CL_MLP_PAO_IF_Ortho_26_05_06_Subestacion-El-Mauro-2.tif&rasterId=","PAO","DJI Mavic Enterprise","2026-06-15","GEOSP-TRN-002546_GS_ORTOFOTO_SSEE_06-05-26.tif","SOLO_TIF_19May26\GEOSP-TRN-002546_GS_ORTOFOTO_SSEE_06-05-26.tif"
"CL_MLP_PAO_IF_Ortho_26_05_06_TORRE_E85_A_E_125","CL_MLP_PAO_IF_Ortho_26_05_06_TORRE_E85_A_E_125.tif","\\amssclgis10.ams.gmams.cl\CL_MLP_PAO\Chacay_El_Mauro_Drone\26_05\CL_MLP_PAO_IF_Ortho_26_05_06_TORRE_E85_A_E_125.tif","TORRE_E85_A_E_125","2026-05-06","https://sig.aminerals.cl/imgdyn/rest/services/CL_MLP_PAO/CL_MLP_PAO_IF_Ortho_Geosupport/ImageServer/file?id=.\Chacay_El_Mauro_Drone\26_05\CL_MLP_PAO_IF_Ortho_26_05_06_TORRE_E85_A_E_125.tif&rasterId=","PAO","DJI Mavic Enterprise","2026-06-15","GEOSP-TRN-002555_GS_Ortofoto_Tramo 2 Línea 33 kV E-085 – E-125_06-05-26.tif","SOLO_TIF_19May26\GEOSP-TRN-002555_GS_Ortofoto_Tramo 2 Línea 33 kV E-085 – E-125_06-05-26.tif"
"CL_MLP_PAO_IF_Ortho_26_05_10_ED1","CL_MLP_PAO_IF_Ortho_26_05_10_ED1.tif","\\amssclgis10.ams.gmams.cl\CL_MLP_PAO\Chacay_El_Mauro_Drone\26_05\CL_MLP_PAO_IF_Ortho_26_05_10_ED1.tif","ED1","2026-05-10","https://sig.aminerals.cl/imgdyn/rest/services/CL_MLP_PAO/CL_MLP_PAO_IF_Ortho_Geosupport/ImageServer/file?id=.\Chacay_El_Mauro_Drone\26_05\CL_MLP_PAO_IF_Ortho_26_05_10_ED1.tif&rasterId=","PAO","DJI Mavic Enterprise","2026-06-15","GEOSP-TRN-002591_GS_Ortofoto ED1_10-05-2026.tif","SOLO_TIF_19May26\GEOSP-TRN-002591_GS_Ortofoto ED1_10-05-2026.tif"
"CL_MLP_PAO_IF_Ortho_26_05_10_Helipuerto","CL_MLP_PAO_IF_Ortho_26_05_10_Helipuerto.tif","\\amssclgis10.ams.gmams.cl\CL_MLP_PAO\El_Mauro_Drone\26_05\CL_MLP_PAO_IF_Ortho_26_05_10_Helipuerto.tif","Helipuerto","2026-05-10","https://sig.aminerals.cl/imgdyn/rest/services/CL_MLP_PAO/CL_MLP_PAO_IF_Ortho_Geosupport/ImageServer/file?id=.\El_Mauro_Drone\26_05\CL_MLP_PAO_IF_Ortho_26_05_10_Helipuerto.tif&rasterId=","PAO","DJI Mavic Enterprise","2026-06-15","GEOSP-TRN-002592_GS_Ortofoto_Helipuerto Mauro MLP_10-05-2026.tif","SOLO_TIF_19May26\GEOSP-TRN-002592_GS_Ortofoto_Helipuerto Mauro MLP_10-05-2026.tif"
"CL_MLP_PAO_IF_Ortho_26_05_10_Patio-19B-y-Armado","CL_MLP_PAO_IF_Ortho_26_05_10_Patio-19B-y-Armado.tif","\\amssclgis10.ams.gmams.cl\CL_MLP_PAO\Chacay_El_Mauro_Drone\26_05\CL_MLP_PAO_IF_Ortho_26_05_10_Patio-19B-y-Armado.tif","Patio-19B-y-Armado","2026-05-10","https://sig.aminerals.cl/imgdyn/rest/services/CL_MLP_PAO/CL_MLP_PAO_IF_Ortho_Geosupport/ImageServer/file?id=.\Chacay_El_Mauro_Drone\26_05\CL_MLP_PAO_IF_Ortho_26_05_10_Patio-19B-y-Armado.tif&rasterId=","PAO","DJI Mavic Enterprise","2026-06-15","GEOSP-TRN-002593_GS_ORTOFOTO_PATIO 19B_10-05-26.tif","SOLO_TIF_19May26\GEOSP-TRN-002593_GS_ORTOFOTO_PATIO 19B_10-05-26.tif"
"CL_MLP_PAO_IF_Ortho_26_05_10_DME9-PA12-IIFF8","CL_MLP_PAO_IF_Ortho_26_05_10_DME9-PA12-IIFF8.tif","\\amssclgis10.ams.gmams.cl\CL_MLP_PAO\Chacay_El_Mauro_Drone\26_05\CL_MLP_PAO_IF_Ortho_26_05_10_DME9-PA12-IIFF8.tif","DME9-PA12-IIFF8","2026-05-10","https://sig.aminerals.cl/imgdyn/rest/services/CL_MLP_PAO/CL_MLP_PAO_IF_Ortho_Geosupport/ImageServer/file?id=.\Chacay_El_Mauro_Drone\26_05\CL_MLP_PAO_IF_Ortho_26_05_10_DME9-PA12-IIFF8.tif&rasterId=","PAO","DJI Mavic Enterprise","2026-06-15","GEOSP-TRN-002603_ORTOFOTO_CORTADA_EM2_100526.tif","SOLO_TIF_19May26\GEOSP-TRN-002603_ORTOFOTO_CORTADA_EM2_100526.tif"
"CL_MLP_PAO_IF_Ortho_26_05_07_TORRES_E48_A_E84_PV4","CL_MLP_PAO_IF_Ortho_26_05_07_TORRES_E48_A_E84_PV4.tif","\\amssclgis10.ams.gmams.cl\CL_MLP_PAO\Chacay_El_Mauro_Drone\26_05\CL_MLP_PAO_IF_Ortho_26_05_07_TORRES_E48_A_E84_PV4.tif","TORRES_E48_A_E84_PV4","2026-05-07","https://sig.aminerals.cl/imgdyn/rest/services/CL_MLP_PAO/CL_MLP_PAO_IF_Ortho_Geosupport/ImageServer/file?id=.\Chacay_El_Mauro_Drone\26_05\CL_MLP_PAO_IF_Ortho_26_05_07_TORRES_E48_A_E84_PV4.tif&rasterId=","PAO","DJI Mavic Enterprise","2026-06-15","GEOSP-TRN-002604_GS_Ortofoto_Tramo 2 Línea 33 kV E-048 – E-084_07-05-26.tif","SOLO_TIF_19May26\GEOSP-TRN-002604_GS_Ortofoto_Tramo 2 Línea 33 kV E-048 – E-084_07-05-26.tif"
"CL_MLP_PAO_IF_Ortho_26_05_10_MonteAranda-NSTC-Km-84p2-a-82p3","CL_MLP_PAO_IF_Ortho_26_05_10_MonteAranda-NSTC-Km-84p2-a-82p3.tif","\\amssclgis10.ams.gmams.cl\CL_MLP_PAO\Chacay_El_Mauro_Drone\26_05\CL_MLP_PAO_IF_Ortho_26_05_10_MonteAranda-NSTC-Km-84p2-a-82p3.tif","MonteAranda-NSTC-Km-84p2-a-82p3","2026-05-10","https://sig.aminerals.cl/imgdyn/rest/services/CL_MLP_PAO/CL_MLP_PAO_IF_Ortho_Geosupport/ImageServer/file?id=.\Chacay_El_Mauro_Drone\26_05\CL_MLP_PAO_IF_Ortho_26_05_10_MonteAranda-NSTC-Km-84p2-a-82p3.tif&rasterId=","PAO","DJI Mavic Enterprise","2026-06-15","GEOSP-TRN-002606_GS_Ortofoto_Tramo 1 Línea 33 kV E-125 – ML EB2_10-05-26.tif","SOLO_TIF_19May26\GEOSP-TRN-002606_GS_Ortofoto_Tramo 1 Línea 33 kV E-125 – ML EB2_10-05-26.tif"
"CL_MLP_PAO_IF_Ortho_26_05_13_DME9-PA12-IIFF8","CL_MLP_PAO_IF_Ortho_26_05_13_DME9-PA12-IIFF8.tif","\\amssclgis10.ams.gmams.cl\CL_MLP_PAO\El_Mauro_Drone\26_05\CL_MLP_PAO_IF_Ortho_26_05_13_DME9-PA12-IIFF8.tif","DME9-PA12-IIFF8","2026-05-13","https://sig.aminerals.cl/imgdyn/rest/services/CL_MLP_PAO/CL_MLP_PAO_IF_Ortho_Geosupport/ImageServer/file?id=.\El_Mauro_Drone\26_05\CL_MLP_PAO_IF_Ortho_26_05_13_DME9-PA12-IIFF8.tif&rasterId=","PAO","DJI Mavic Enterprise","2026-06-15","GEOSP-TRN-002615_GS_ORTOFOTO_ESTACION DE MONITOREO N°2_13-05-2026.tif","SOLO_TIF_19May26\GEOSP-TRN-002615_GS_ORTOFOTO_ESTACION DE MONITOREO N°2_13-05-2026.tif"
"CL_MLP_PAO_IF_Ortho_26_05_13_Subestacion-El-Mauro_A_E35","CL_MLP_PAO_IF_Ortho_26_05_13_Subestacion-El-Mauro_A_E35.tif","\\amssclgis10.ams.gmams.cl\CL_MLP_PAO\El_Mauro_Drone\26_05\CL_MLP_PAO_IF_Ortho_26_05_13_Subestacion-El-Mauro_A_E35.tif","Subestacion-El-Mauro_A_E35","2026-05-13","https://sig.aminerals.cl/imgdyn/rest/services/CL_MLP_PAO/CL_MLP_PAO_IF_Ortho_Geosupport/ImageServer/file?id=.\El_Mauro_Drone\26_05\CL_MLP_PAO_IF_Ortho_26_05_13_Subestacion-El-Mauro_A_E35.tif&rasterId=","PAO","DJI Mavic Enterprise","2026-06-15","GEOSP-TRN-002616_GS_ORTOFOTO_ACCESO POZOS PRP_130526.tif","SOLO_TIF_19May26\GEOSP-TRN-002616_GS_ORTOFOTO_ACCESO POZOS PRP_130526.tif"
"CL_MLP_PAO_IF_Ortho_26_05_13_Subestacion-El-Mauro-1","CL_MLP_PAO_IF_Ortho_26_05_13_Subestacion-El-Mauro-1.tif","\\amssclgis10.ams.gmams.cl\CL_MLP_PAO\Chacay_El_Mauro_Drone\26_05\CL_MLP_PAO_IF_Ortho_26_05_13_Subestacion-El-Mauro-1.tif","Subestacion-El-Mauro","2026-05-13","https://sig.aminerals.cl/imgdyn/rest/services/CL_MLP_PAO/CL_MLP_PAO_IF_Ortho_Geosupport/ImageServer/file?id=.\Chacay_El_Mauro_Drone\26_05\CL_MLP_PAO_IF_Ortho_26_05_13_Subestacion-El-Mauro-1.tif&rasterId=","PAO","DJI Mavic Enterprise","2026-06-15","GEOSP-TRN-002617_GS_ORTOFOTO_SUBESTACION_EL MAURO_PRIORIDAD 1_13_05_26.tif","SOLO_TIF_19May26\GEOSP-TRN-002617_GS_ORTOFOTO_SUBESTACION_EL MAURO_PRIORIDAD 1_13_05_26.tif"
"CL_MLP_PAO_IF_Ortho_26_05_13_EM2_S2","CL_MLP_PAO_IF_Ortho_26_05_13_EM2_S2.tif","\\amssclgis10.ams.gmams.cl\CL_MLP_PAO\Chacay_El_Mauro_Drone\26_05\CL_MLP_PAO_IF_Ortho_26_05_13_EM2_S2.tif","EM2_S2","2026-05-13","https://sig.aminerals.cl/imgdyn/rest/services/CL_MLP_PAO/CL_MLP_PAO_IF_Ortho_Geosupport/ImageServer/file?id=.\Chacay_El_Mauro_Drone\26_05\CL_MLP_PAO_IF_Ortho_26_05_13_EM2_S2.tif&rasterId=","PAO","DJI Mavic Enterprise","2026-06-15","GEOSP-TRN-002618_GS_ORTOFOTO_EM2-2_13-05-2026.tif","SOLO_TIF_19May26\GEOSP-TRN-002618_GS_ORTOFOTO_EM2-2_13-05-2026.tif"
"CL_MLP_PAO_IF_Ortho_26_05_13_EBD-1","CL_MLP_PAO_IF_Ortho_26_05_13_EBD-1.tif","\\amssclgis10.ams.gmams.cl\CL_MLP_PAO\El_Mauro_Drone\26_05\CL_MLP_PAO_IF_Ortho_26_05_13_EBD-1.tif","EBD","2026-05-13","https://sig.aminerals.cl/imgdyn/rest/services/CL_MLP_PAO/CL_MLP_PAO_IF_Ortho_Geosupport/ImageServer/file?id=.\El_Mauro_Drone\26_05\CL_MLP_PAO_IF_Ortho_26_05_13_EBD-1.tif&rasterId=","PAO","DJI Mavic Enterprise","2026-06-15","GEOSP-TRN-002619_GS_ORTOFOTO_EBD_130526.tif","SOLO_TIF_19May26\GEOSP-TRN-002619_GS_ORTOFOTO_EBD_130526.tif"
"CL_MLP_PAO_IF_Ortho_26_05_13_ED2","CL_MLP_PAO_IF_Ortho_26_05_13_ED2.tif","\\amssclgis10.ams.gmams.cl\CL_MLP_PAO\Chacay_El_Mauro_Drone\26_05\CL_MLP_PAO_IF_Ortho_26_05_13_ED2.tif","ED2","2026-05-13","https://sig.aminerals.cl/imgdyn/rest/services/CL_MLP_PAO/CL_MLP_PAO_IF_Ortho_Geosupport/ImageServer/file?id=.\Chacay_El_Mauro_Drone\26_05\CL_MLP_PAO_IF_Ortho_26_05_13_ED2.tif&rasterId=","PAO","DJI Mavic Enterprise","2026-06-15","GEOSP-TRN-002620_GS_ORTOFOTO_ED2_13-05-2026.tif","SOLO_TIF_19May26\GEOSP-TRN-002620_GS_ORTOFOTO_ED2_13-05-2026.tif"
"CL_MLP_PAO_IF_Ortho_26_05_13_Subestacion-El-Mauro-2","CL_MLP_PAO_IF_Ortho_26_05_13_Subestacion-El-Mauro-2.tif","\\amssclgis10.ams.gmams.cl\CL_MLP_PAO\El_Mauro_Drone\26_05\CL_MLP_PAO_IF_Ortho_26_05_13_Subestacion-El-Mauro-2.tif","Subestacion-El-Mauro","2026-05-13","https://sig.aminerals.cl/imgdyn/rest/services/CL_MLP_PAO/CL_MLP_PAO_IF_Ortho_Geosupport/ImageServer/file?id=.\El_Mauro_Drone\26_05\CL_MLP_PAO_IF_Ortho_26_05_13_Subestacion-El-Mauro-2.tif&rasterId=","PAO","DJI Mavic Enterprise","2026-06-15","GEOSP-TRN-002621_GS_ORTOFOTO_ESTACION DE BOMBEO Nº3_13_05_26.tif","SOLO_TIF_19May26\GEOSP-TRN-002621_GS_ORTOFOTO_ESTACION DE BOMBEO Nº3_13_05_26.tif"
"CL_MLP_PAO_IF_Ortho_26_05_13_EBD-2","CL_MLP_PAO_IF_Ortho_26_05_13_EBD-2.tif","\\amssclgis10.ams.gmams.cl\CL_MLP_PAO\El_Mauro_Drone\26_05\CL_MLP_PAO_IF_Ortho_26_05_13_EBD-2.tif","EBD","2026-05-13","https://sig.aminerals.cl/imgdyn/rest/services/CL_MLP_PAO/CL_MLP_PAO_IF_Ortho_Geosupport/ImageServer/file?id=.\El_Mauro_Drone\26_05\CL_MLP_PAO_IF_Ortho_26_05_13_EBD-2.tif&rasterId=","PAO","DJI Mavic Enterprise","2026-06-15","GEOSP-TRN-002622_GS_ORTOFOTO_POZOS PRP_130526.tif","SOLO_TIF_19May26\GEOSP-TRN-002622_GS_ORTOFOTO_POZOS PRP_130526.tif"
"CL_MLP_PAO_IF_Ortho_26_05_13_Estacion_Intermedia","CL_MLP_PAO_IF_Ortho_26_05_13_Estacion_Intermedia.tif","\\amssclgis10.ams.gmams.cl\CL_MLP_PAO\Chacay_El_Mauro_Drone\26_05\CL_MLP_PAO_IF_Ortho_26_05_13_Estacion_Intermedia.tif","Estacion_Intermedia","2026-05-13","https://sig.aminerals.cl/imgdyn/rest/services/CL_MLP_PAO/CL_MLP_PAO_IF_Ortho_Geosupport/ImageServer/file?id=.\Chacay_El_Mauro_Drone\26_05\CL_MLP_PAO_IF_Ortho_26_05_13_Estacion_Intermedia.tif&rasterId=","PAO","DJI Mavic Enterprise","2026-06-15","GEOSP-TRN-002623_GS_ORTOFOTO_ESTACIÓN INTERMEDIA 3_13-05-2026.tif","SOLO_TIF_19May26\GEOSP-TRN-002623_GS_ORTOFOTO_ESTACIÓN INTERMEDIA 3_13-05-2026.tif"
"CL_MLP_PAO_IF_Ortho_26_05_14_EM3","CL_MLP_PAO_IF_Ortho_26_05_14_EM3.tif","\\amssclgis10.ams.gmams.cl\CL_MLP_PAO\Chacay_El_Mauro_Drone\26_05\CL_MLP_PAO_IF_Ortho_26_05_14_EM3.tif","EM3","2026-05-14","https://sig.aminerals.cl/imgdyn/rest/services/CL_MLP_PAO/CL_MLP_PAO_IF_Ortho_Geosupport/ImageServer/file?id=.\Chacay_El_Mauro_Drone\26_05\CL_MLP_PAO_IF_Ortho_26_05_14_EM3.tif&rasterId=","PAO","DJI Mavic Enterprise","2026-06-15","GEOSP-TRN-002627_GS_ORTOFOTO_EM3_14-05-2026.tif","SOLO_TIF_19May26\GEOSP-TRN-002627_GS_ORTOFOTO_EM3_14-05-2026.tif"
"CL_MLP_PAO_IF_Ortho_26_05_14_Camino_Alternativo_Salamanca","CL_MLP_PAO_IF_Ortho_26_05_14_Camino_Alternativo_Salamanca.tif","\\amssclgis10.ams.gmams.cl\CL_MLP_PAO\El_Mauro_Drone\26_05\CL_MLP_PAO_IF_Ortho_26_05_14_Camino_Alternativo_Salamanca.tif","Camino_Alternativo_Salamanca","2026-05-14","https://sig.aminerals.cl/imgdyn/rest/services/CL_MLP_PAO/CL_MLP_PAO_IF_Ortho_Geosupport/ImageServer/file?id=.\El_Mauro_Drone\26_05\CL_MLP_PAO_IF_Ortho_26_05_14_Camino_Alternativo_Salamanca.tif&rasterId=","PAO","DJI Mavic Enterprise","2026-06-15","GEOSP-TRN-002629_GS_ORTOFOTO_Camino alternativo Salamanca_ (Prioridad 22)_14_05_26.tif","SOLO_TIF_19May26\GEOSP-TRN-002629_GS_ORTOFOTO_Camino alternativo Salamanca_ (Prioridad 22)_14_05_26.tif"
"CL_MLP_PAO_IF_Ortho_26_05_14_TORRES_E31_A_E48_PV4-1","CL_MLP_PAO_IF_Ortho_26_05_14_TORRES_E31_A_E48_PV4-1.tif","\\amssclgis10.ams.gmams.cl\CL_MLP_PAO\Chacay_El_Mauro_Drone\26_05\CL_MLP_PAO_IF_Ortho_26_05_14_TORRES_E31_A_E48_PV4-1.tif","TORRES_E31_A_E48_PV4","2026-05-14","https://sig.aminerals.cl/imgdyn/rest/services/CL_MLP_PAO/CL_MLP_PAO_IF_Ortho_Geosupport/ImageServer/file?id=.\Chacay_El_Mauro_Drone\26_05\CL_MLP_PAO_IF_Ortho_26_05_14_TORRES_E31_A_E48_PV4-1.tif&rasterId=","PAO","DJI Mavic Enterprise","2026-06-15","GEOSP-TRN-002630_GD_ORTOFOTO_Tramo 2 linea 22 KV E-35 - E48_14-05-2026.tif","SOLO_TIF_19May26\GEOSP-TRN-002630_GD_ORTOFOTO_Tramo 2 linea 22 KV E-35 - E48_14-05-2026.tif"
"CL_MLP_PAO_IF_Ortho_26_05_14_Subestacion-El-Mauro_A_E35","CL_MLP_PAO_IF_Ortho_26_05_14_Subestacion-El-Mauro_A_E35.tif","\\amssclgis10.ams.gmams.cl\CL_MLP_PAO\El_Mauro_Drone\26_05\CL_MLP_PAO_IF_Ortho_26_05_14_Subestacion-El-Mauro_A_E35.tif","Subestacion-El-Mauro_A_E35","2026-05-14","https://sig.aminerals.cl/imgdyn/rest/services/CL_MLP_PAO/CL_MLP_PAO_IF_Ortho_Geosupport/ImageServer/file?id=.\El_Mauro_Drone\26_05\CL_MLP_PAO_IF_Ortho_26_05_14_Subestacion-El-Mauro_A_E35.tif&rasterId=","PAO","DJI Mavic Enterprise","2026-06-15","GEOSP-TRN-002631_GS_ORTOFOTO_EM4_14-05-2026.tif","SOLO_TIF_19May26\GEOSP-TRN-002631_GS_ORTOFOTO_EM4_14-05-2026.tif"
"CL_MLP_PAO_IF_Ortho_26_05_15_Helipuerto-1","CL_MLP_PAO_IF_Ortho_26_05_15_Helipuerto-1.tif","\\amssclgis10.ams.gmams.cl\CL_MLP_PAO\El_Mauro_Drone\26_05\CL_MLP_PAO_IF_Ortho_26_05_15_Helipuerto-1.tif","Helipuerto","2026-05-15","https://sig.aminerals.cl/imgdyn/rest/services/CL_MLP_PAO/CL_MLP_PAO_IF_Ortho_Geosupport/ImageServer/file?id=.\El_Mauro_Drone\26_05\CL_MLP_PAO_IF_Ortho_26_05_15_Helipuerto-1.tif&rasterId=","PAO","DJI Mavic Enterprise","2026-06-15","GEOSP-TRN-002635_GS_ORTOFOTO_HELIPUERTO MAURO_150526.tif","SOLO_TIF_19May26\GEOSP-TRN-002635_GS_ORTOFOTO_HELIPUERTO MAURO_150526.tif"
"CL_MLP_PAO_IF_Ortho_26_05_15_Helipuerto-2","CL_MLP_PAO_IF_Ortho_26_05_15_Helipuerto-2.tif","\\amssclgis10.ams.gmams.cl\CL_MLP_PAO\El_Mauro_Drone\26_05\CL_MLP_PAO_IF_Ortho_26_05_15_Helipuerto-2.tif","Helipuerto","2026-05-15","https://sig.aminerals.cl/imgdyn/rest/services/CL_MLP_PAO/CL_MLP_PAO_IF_Ortho_Geosupport/ImageServer/file?id=.\El_Mauro_Drone\26_05\CL_MLP_PAO_IF_Ortho_26_05_15_Helipuerto-2.tif&rasterId=","PAO","DJI Mavic Enterprise","2026-06-15","GEOSP-TRN-002636_GS_ORTOFOTO_HELIPUERTO MAURO_150526.tif","SOLO_TIF_19May26\GEOSP-TRN-002636_GS_ORTOFOTO_HELIPUERTO MAURO_150526.tif"
"CL_MLP_PAO_IF_Ortho_26_05_15_EV1","CL_MLP_PAO_IF_Ortho_26_05_15_EV1.tif","\\amssclgis10.ams.gmams.cl\CL_MLP_PAO\Chacay_El_Mauro_Drone\26_05\CL_MLP_PAO_IF_Ortho_26_05_15_EV1.tif","EV1","2026-05-15","https://sig.aminerals.cl/imgdyn/rest/services/CL_MLP_PAO/CL_MLP_PAO_IF_Ortho_Geosupport/ImageServer/file?id=.\Chacay_El_Mauro_Drone\26_05\CL_MLP_PAO_IF_Ortho_26_05_15_EV1.tif&rasterId=","PAO","DJI Mavic Enterprise","2026-06-15","GEOSP-TRN-002642_GS_ORTOFOTO_EV1_15-05-2026.tif","SOLO_TIF_19May26\GEOSP-TRN-002642_GS_ORTOFOTO_EV1_15-05-2026.tif"
"CL_MLP_PAO_IF_Ortho_26_05_15_Estacion_Cabecera","CL_MLP_PAO_IF_Ortho_26_05_15_Estacion_Cabecera.tif","\\amssclgis10.ams.gmams.cl\CL_MLP_PAO\Chacay_Drone\26_05\CL_MLP_PAO_IF_Ortho_26_05_15_Estacion_Cabecera.tif","Estacion_Cabecera","2026-05-15","https://sig.aminerals.cl/imgdyn/rest/services/CL_MLP_PAO/CL_MLP_PAO_IF_Ortho_Geosupport/ImageServer/file?id=.\Chacay_Drone\26_05\CL_MLP_PAO_IF_Ortho_26_05_15_Estacion_Cabecera.tif&rasterId=","PAO","DJI Mavic Enterprise","2026-06-15","GEOSP-TRN-002643_GS_Ortofoto_Estacion Cabecera (Prioridad 25)_15_05_26.tif","SOLO_TIF_19May26\GEOSP-TRN-002643_GS_Ortofoto_Estacion Cabecera (Prioridad 25)_15_05_26.tif"
"CL_MLP_PAO_IF_Ortho_26_05_16_TORRES_E48_A_E84_PV4","CL_MLP_PAO_IF_Ortho_26_05_16_TORRES_E48_A_E84_PV4.tif","\\amssclgis10.ams.gmams.cl\CL_MLP_PAO\Chacay_El_Mauro_Drone\26_05\CL_MLP_PAO_IF_Ortho_26_05_16_TORRES_E48_A_E84_PV4.tif","TORRES_E48_A_E84_PV4","2026-05-16","https://sig.aminerals.cl/imgdyn/rest/services/CL_MLP_PAO/CL_MLP_PAO_IF_Ortho_Geosupport/ImageServer/file?id=.\Chacay_El_Mauro_Drone\26_05\CL_MLP_PAO_IF_Ortho_26_05_16_TORRES_E48_A_E84_PV4.tif&rasterId=","PAO","DJI Mavic Enterprise","2026-06-15","GEOSP-TRN-002647_GS_ORTOFOTO_TORRES E48 A E84_16-05-2026.tif","SOLO_TIF_19May26\GEOSP-TRN-002647_GS_ORTOFOTO_TORRES E48 A E84_16-05-2026.tif"
"CL_MLP_PAO_IF_Ortho_26_05_17_EV2","CL_MLP_PAO_IF_Ortho_26_05_17_EV2.tif","\\amssclgis10.ams.gmams.cl\CL_MLP_PAO\El_Mauro_Puerto_Punta_Chungo_Drone\26_05\CL_MLP_PAO_IF_Ortho_26_05_17_EV2.tif","EV2","2026-05-17","https://sig.aminerals.cl/imgdyn/rest/services/CL_MLP_PAO/CL_MLP_PAO_IF_Ortho_Geosupport/ImageServer/file?id=.\El_Mauro_Puerto_Punta_Chungo_Drone\26_05\CL_MLP_PAO_IF_Ortho_26_05_17_EV2.tif&rasterId=","PAO","DJI Mavic Enterprise","2026-06-15","GEOSP-TRN-002652_GS_ORTOFOTO_EV2_170526.tif","SOLO_TIF_19May26\GEOSP-TRN-002652_GS_ORTOFOTO_EV2_170526.tif"
"CL_MLP_PAO_IF_Ortho_26_05_17_EDT","CL_MLP_PAO_IF_Ortho_26_05_17_EDT.tif","\\amssclgis10.ams.gmams.cl\CL_MLP_PAO\Puerto_Punta_Chungo_Drone\26_05\CL_MLP_PAO_IF_Ortho_26_05_17_EDT.tif","EDT","2026-05-17","https://sig.aminerals.cl/imgdyn/rest/services/CL_MLP_PAO/CL_MLP_PAO_IF_Ortho_Geosupport/ImageServer/file?id=.\Puerto_Punta_Chungo_Drone\26_05\CL_MLP_PAO_IF_Ortho_26_05_17_EDT.tif&rasterId=","PAO","DJI Mavic Enterprise","2026-06-15","GEOSP-TRN-002655_GS_ORTOFOTO_EDT_17-05-2026.tif","SOLO_TIF_19May26\GEOSP-TRN-002655_GS_ORTOFOTO_EDT_17-05-2026.tif"
"CL_MLP_PAO_IF_Ortho_26_05_14_TORRES_E31_A_E48_PV4-2","CL_MLP_PAO_IF_Ortho_26_05_14_TORRES_E31_A_E48_PV4-2.tif","\\amssclgis10.ams.gmams.cl\CL_MLP_PAO\Chacay_El_Mauro_Drone\26_05\CL_MLP_PAO_IF_Ortho_26_05_14_TORRES_E31_A_E48_PV4-2.tif","TORRES_E31_A_E48_PV4","2026-05-14","https://sig.aminerals.cl/imgdyn/rest/services/CL_MLP_PAO/CL_MLP_PAO_IF_Ortho_Geosupport/ImageServer/file?id=.\Chacay_El_Mauro_Drone\26_05\CL_MLP_PAO_IF_Ortho_26_05_14_TORRES_E31_A_E48_PV4-2.tif&rasterId=","PAO","DJI Mavic Enterprise","2026-06-15","GEOSP-TRN-002656_GD_ORTOFOTO_Tramo 2 linea 22 KV E-35 - E48_14-05-2026.tif","SOLO_TIF_19May26\GEOSP-TRN-002656_GD_ORTOFOTO_Tramo 2 linea 22 KV E-35 - E48_14-05-2026.tif"
"CL_MLP_PAO_IF_Ortho_26_05_15_EM1","CL_MLP_PAO_IF_Ortho_26_05_15_EM1.tif","\\amssclgis10.ams.gmams.cl\CL_MLP_PAO\Chacay_Drone\26_05\CL_MLP_PAO_IF_Ortho_26_05_15_EM1.tif","EM1","2026-05-15","https://sig.aminerals.cl/imgdyn/rest/services/CL_MLP_PAO/CL_MLP_PAO_IF_Ortho_Geosupport/ImageServer/file?id=.\Chacay_Drone\26_05\CL_MLP_PAO_IF_Ortho_26_05_15_EM1.tif&rasterId=","PAO","DJI Mavic Enterprise","2026-06-15","GEOSP-TRN-002660_GS_ORTOFOTO_EM1_150526.tif","SOLO_TIF_19May26\GEOSP-TRN-002660_GS_ORTOFOTO_EM1_150526.tif"
