file_name,Name,destination_path,overall_status,source_path,copy_status,copy_error,mosaic_add_status,mosaic_add_error,footprint_status,footprint_error,attribute_status,attribute_rows_updated,attribute_missing_fields,attribute_error
GEOSP-TRN-002511_GS_Ortofoto Estación Cabeceras (EC)_01_05_26.tif,CL_MLP_PAO_IF_Ortho_26_05_01_Estacion_Cabecera,\\amssclgis10.ams.gmams.cl\CL_MLP_PAO\Chacay_Drone\26_05\CL_MLP_PAO_IF_Ortho_26_05_01_Estacion_Cabecera.tif,ok,\\amssclgis10.ams.gmams.cl\CL_MLP_PAO\Vuelos_Drone_Sin_Procesar\INPUT\20260519_Geosupport\SOLO_TIF_19May26\GEOSP-TRN-002511_GS_Ortofoto Estación Cabeceras (EC)_01_05_26.tif,copied,,added,,built,,updated,1,Fecha_Adqui|Fecha_Publ,
GEOSP-TRN-002545_GS_ORTOFOTO_EB3_06-05-26.tif,CL_MLP_PAO_IF_Ortho_26_05_06_Subestacion-El-Mauro-1,\\amssclgis10.ams.gmams.cl\CL_MLP_PAO\El_Mauro_Drone\26_05\CL_MLP_PAO_IF_Ortho_26_05_06_Subestacion-El-Mauro-1.tif,ok,\\amssclgis10.ams.gmams.cl\CL_MLP_PAO\Vuelos_Drone_Sin_Procesar\INPUT\20260519_Geosupport\SOLO_TIF_19May26\GEOSP-TRN-002545_GS_ORTOFOTO_EB3_06-05-26.tif,copied,,added,,built,,updated,1,Fecha_Adqui|Fecha_Publ,
GEOSP-TRN-002546_GS_ORTOFOTO_SSEE_06-05-26.tif,CL_MLP_PAO_IF_Ortho_26_05_06_Subestacion-El-Mauro-2,\\amssclgis10.ams.gmams.cl\CL_MLP_PAO\El_Mauro_Drone\26_05\CL_MLP_PAO_IF_Ortho_26_05_06_Subestacion-El-Mauro-2.tif,ok,\\amssclgis10.ams.gmams.cl\CL_MLP_PAO\Vuelos_Drone_Sin_Procesar\INPUT\20260519_Geosupport\SOLO_TIF_19May26\GEOSP-TRN-002546_GS_ORTOFOTO_SSEE_06-05-26.tif,copied,,added,,built,,updated,1,Fecha_Adqui|Fecha_Publ,
GEOSP-TRN-002555_GS_Ortofoto_Tramo 2 Línea 33 kV E-085 – E-125_06-05-26.tif,CL_MLP_PAO_IF_Ortho_26_05_06_TORRE_E85_A_E_125,\\amssclgis10.ams.gmams.cl\CL_MLP_PAO\Chacay_El_Mauro_Drone\26_05\CL_MLP_PAO_IF_Ortho_26_05_06_TORRE_E85_A_E_125.tif,ok,\\amssclgis10.ams.gmams.cl\CL_MLP_PAO\Vuelos_Drone_Sin_Procesar\INPUT\20260519_Geosupport\SOLO_TIF_19May26\GEOSP-TRN-002555_GS_Ortofoto_Tramo 2 Línea 33 kV E-085 – E-125_06-05-26.tif,copied,,added,,built,,updated,1,Fecha_Adqui|Fecha_Publ,
GEOSP-TRN-002591_GS_Ortofoto ED1_10-05-2026.tif,CL_MLP_PAO_IF_Ortho_26_05_10_ED1,\\amssclgis10.ams.gmams.cl\CL_MLP_PAO\Chacay_El_Mauro_Drone\26_05\CL_MLP_PAO_IF_Ortho_26_05_10_ED1.tif,ok,\\amssclgis10.ams.gmams.cl\CL_MLP_PAO\Vuelos_Drone_Sin_Procesar\INPUT\20260519_Geosupport\SOLO_TIF_19May26\GEOSP-TRN-002591_GS_Ortofoto ED1_10-05-2026.tif,copied,,added,,built,,updated,1,Fecha_Adqui|Fecha_Publ,
GEOSP-TRN-002592_GS_Ortofoto_Helipuerto Mauro MLP_10-05-2026.tif,CL_MLP_PAO_IF_Ortho_26_05_10_Helipuerto,\\amssclgis10.ams.gmams.cl\CL_MLP_PAO\El_Mauro_Drone\26_05\CL_MLP_PAO_IF_Ortho_26_05_10_Helipuerto.tif,ok,\\amssclgis10.ams.gmams.cl\CL_MLP_PAO\Vuelos_Drone_Sin_Procesar\INPUT\20260519_Geosupport\SOLO_TIF_19May26\GEOSP-TRN-002592_GS_Ortofoto_Helipuerto Mauro MLP_10-05-2026.tif,copied,,added,,built,,updated,1,Fecha_Adqui|Fecha_Publ,
GEOSP-TRN-002593_GS_ORTOFOTO_PATIO 19B_10-05-26.tif,CL_MLP_PAO_IF_Ortho_26_05_10_Patio-19B-y-Armado,\\amssclgis10.ams.gmams.cl\CL_MLP_PAO\Chacay_El_Mauro_Drone\26_05\CL_MLP_PAO_IF_Ortho_26_05_10_Patio-19B-y-Armado.tif,ok,\\amssclgis10.ams.gmams.cl\CL_MLP_PAO\Vuelos_Drone_Sin_Procesar\INPUT\20260519_Geosupport\SOLO_TIF_19May26\GEOSP-TRN-002593_GS_ORTOFOTO_PATIO 19B_10-05-26.tif,copied,,added,,built,,updated,1,Fecha_Adqui|Fecha_Publ,
GEOSP-TRN-002603_ORTOFOTO_CORTADA_EM2_100526.tif,CL_MLP_PAO_IF_Ortho_26_05_10_DME9-PA12-IIFF8,\\amssclgis10.ams.gmams.cl\CL_MLP_PAO\Chacay_El_Mauro_Drone\26_05\CL_MLP_PAO_IF_Ortho_26_05_10_DME9-PA12-IIFF8.tif,ok,\\amssclgis10.ams.gmams.cl\CL_MLP_PAO\Vuelos_Drone_Sin_Procesar\INPUT\20260519_Geosupport\SOLO_TIF_19May26\GEOSP-TRN-002603_ORTOFOTO_CORTADA_EM2_100526.tif,copied,,added,,built,,updated,1,Fecha_Adqui|Fecha_Publ,
GEOSP-TRN-002604_GS_Ortofoto_Tramo 2 Línea 33 kV E-048 – E-084_07-05-26.tif,CL_MLP_PAO_IF_Ortho_26_05_07_TORRES_E48_A_E84_PV4,\\amssclgis10.ams.gmams.cl\CL_MLP_PAO\Chacay_El_Mauro_Drone\26_05\CL_MLP_PAO_IF_Ortho_26_05_07_TORRES_E48_A_E84_PV4.tif,ok,\\amssclgis10.ams.gmams.cl\CL_MLP_PAO\Vuelos_Drone_Sin_Procesar\INPUT\20260519_Geosupport\SOLO_TIF_19May26\GEOSP-TRN-002604_GS_Ortofoto_Tramo 2 Línea 33 kV E-048 – E-084_07-05-26.tif,copied,,added,,built,,updated,1,Fecha_Adqui|Fecha_Publ,
GEOSP-TRN-002606_GS_Ortofoto_Tramo 1 Línea 33 kV E-125 – ML EB2_10-05-26.tif,CL_MLP_PAO_IF_Ortho_26_05_10_MonteAranda-NSTC-Km-84p2-a-82p3,\\amssclgis10.ams.gmams.cl\CL_MLP_PAO\Chacay_El_Mauro_Drone\26_05\CL_MLP_PAO_IF_Ortho_26_05_10_MonteAranda-NSTC-Km-84p2-a-82p3.tif,ok,\\amssclgis10.ams.gmams.cl\CL_MLP_PAO\Vuelos_Drone_Sin_Procesar\INPUT\20260519_Geosupport\SOLO_TIF_19May26\GEOSP-TRN-002606_GS_Ortofoto_Tramo 1 Línea 33 kV E-125 – ML EB2_10-05-26.tif,copied,,added,,built,,updated,1,Fecha_Adqui|Fecha_Publ,
GEOSP-TRN-002615_GS_ORTOFOTO_ESTACION DE MONITOREO N°2_13-05-2026.tif,CL_MLP_PAO_IF_Ortho_26_05_13_DME9-PA12-IIFF8,\\amssclgis10.ams.gmams.cl\CL_MLP_PAO\El_Mauro_Drone\26_05\CL_MLP_PAO_IF_Ortho_26_05_13_DME9-PA12-IIFF8.tif,ok,\\amssclgis10.ams.gmams.cl\CL_MLP_PAO\Vuelos_Drone_Sin_Procesar\INPUT\20260519_Geosupport\SOLO_TIF_19May26\GEOSP-TRN-002615_GS_ORTOFOTO_ESTACION DE MONITOREO N°2_13-05-2026.tif,copied,,added,,built,,updated,1,Fecha_Adqui|Fecha_Publ,
GEOSP-TRN-002616_GS_ORTOFOTO_ACCESO POZOS PRP_130526.tif,CL_MLP_PAO_IF_Ortho_26_05_13_Subestacion-El-Mauro_A_E35,\\amssclgis10.ams.gmams.cl\CL_MLP_PAO\El_Mauro_Drone\26_05\CL_MLP_PAO_IF_Ortho_26_05_13_Subestacion-El-Mauro_A_E35.tif,ok,\\amssclgis10.ams.gmams.cl\CL_MLP_PAO\Vuelos_Drone_Sin_Procesar\INPUT\20260519_Geosupport\SOLO_TIF_19May26\GEOSP-TRN-002616_GS_ORTOFOTO_ACCESO POZOS PRP_130526.tif,copied,,added,,built,,updated,1,Fecha_Adqui|Fecha_Publ,
GEOSP-TRN-002617_GS_ORTOFOTO_SUBESTACION_EL MAURO_PRIORIDAD 1_13_05_26.tif,CL_MLP_PAO_IF_Ortho_26_05_13_Subestacion-El-Mauro-1,\\amssclgis10.ams.gmams.cl\CL_MLP_PAO\Chacay_El_Mauro_Drone\26_05\CL_MLP_PAO_IF_Ortho_26_05_13_Subestacion-El-Mauro-1.tif,ok,\\amssclgis10.ams.gmams.cl\CL_MLP_PAO\Vuelos_Drone_Sin_Procesar\INPUT\20260519_Geosupport\SOLO_TIF_19May26\GEOSP-TRN-002617_GS_ORTOFOTO_SUBESTACION_EL MAURO_PRIORIDAD 1_13_05_26.tif,copied,,added,,built,,updated,1,Fecha_Adqui|Fecha_Publ,
GEOSP-TRN-002618_GS_ORTOFOTO_EM2-2_13-05-2026.tif,CL_MLP_PAO_IF_Ortho_26_05_13_EM2_S2,\\amssclgis10.ams.gmams.cl\CL_MLP_PAO\Chacay_El_Mauro_Drone\26_05\CL_MLP_PAO_IF_Ortho_26_05_13_EM2_S2.tif,ok,\\amssclgis10.ams.gmams.cl\CL_MLP_PAO\Vuelos_Drone_Sin_Procesar\INPUT\20260519_Geosupport\SOLO_TIF_19May26\GEOSP-TRN-002618_GS_ORTOFOTO_EM2-2_13-05-2026.tif,copied,,added,,built,,updated,1,Fecha_Adqui|Fecha_Publ,
GEOSP-TRN-002619_GS_ORTOFOTO_EBD_130526.tif,CL_MLP_PAO_IF_Ortho_26_05_13_EBD-1,\\amssclgis10.ams.gmams.cl\CL_MLP_PAO\El_Mauro_Drone\26_05\CL_MLP_PAO_IF_Ortho_26_05_13_EBD-1.tif,ok,\\amssclgis10.ams.gmams.cl\CL_MLP_PAO\Vuelos_Drone_Sin_Procesar\INPUT\20260519_Geosupport\SOLO_TIF_19May26\GEOSP-TRN-002619_GS_ORTOFOTO_EBD_130526.tif,copied,,added,,built,,updated,1,Fecha_Adqui|Fecha_Publ,
GEOSP-TRN-002620_GS_ORTOFOTO_ED2_13-05-2026.tif,CL_MLP_PAO_IF_Ortho_26_05_13_ED2,\\amssclgis10.ams.gmams.cl\CL_MLP_PAO\Chacay_El_Mauro_Drone\26_05\CL_MLP_PAO_IF_Ortho_26_05_13_ED2.tif,ok,\\amssclgis10.ams.gmams.cl\CL_MLP_PAO\Vuelos_Drone_Sin_Procesar\INPUT\20260519_Geosupport\SOLO_TIF_19May26\GEOSP-TRN-002620_GS_ORTOFOTO_ED2_13-05-2026.tif,copied,,added,,built,,updated,1,Fecha_Adqui|Fecha_Publ,
GEOSP-TRN-002621_GS_ORTOFOTO_ESTACION DE BOMBEO Nº3_13_05_26.tif,CL_MLP_PAO_IF_Ortho_26_05_13_Subestacion-El-Mauro-2,\\amssclgis10.ams.gmams.cl\CL_MLP_PAO\El_Mauro_Drone\26_05\CL_MLP_PAO_IF_Ortho_26_05_13_Subestacion-El-Mauro-2.tif,ok,\\amssclgis10.ams.gmams.cl\CL_MLP_PAO\Vuelos_Drone_Sin_Procesar\INPUT\20260519_Geosupport\SOLO_TIF_19May26\GEOSP-TRN-002621_GS_ORTOFOTO_ESTACION DE BOMBEO Nº3_13_05_26.tif,copied,,added,,built,,updated,1,Fecha_Adqui|Fecha_Publ,
GEOSP-TRN-002622_GS_ORTOFOTO_POZOS PRP_130526.tif,CL_MLP_PAO_IF_Ortho_26_05_13_EBD-2,\\amssclgis10.ams.gmams.cl\CL_MLP_PAO\El_Mauro_Drone\26_05\CL_MLP_PAO_IF_Ortho_26_05_13_EBD-2.tif,ok,\\amssclgis10.ams.gmams.cl\CL_MLP_PAO\Vuelos_Drone_Sin_Procesar\INPUT\20260519_Geosupport\SOLO_TIF_19May26\GEOSP-TRN-002622_GS_ORTOFOTO_POZOS PRP_130526.tif,copied,,added,,built,,updated,1,Fecha_Adqui|Fecha_Publ,
GEOSP-TRN-002623_GS_ORTOFOTO_ESTACIÓN INTERMEDIA 3_13-05-2026.tif,CL_MLP_PAO_IF_Ortho_26_05_13_Estacion_Intermedia,\\amssclgis10.ams.gmams.cl\CL_MLP_PAO\Chacay_El_Mauro_Drone\26_05\CL_MLP_PAO_IF_Ortho_26_05_13_Estacion_Intermedia.tif,ok,\\amssclgis10.ams.gmams.cl\CL_MLP_PAO\Vuelos_Drone_Sin_Procesar\INPUT\20260519_Geosupport\SOLO_TIF_19May26\GEOSP-TRN-002623_GS_ORTOFOTO_ESTACIÓN INTERMEDIA 3_13-05-2026.tif,copied,,added,,built,,updated,1,Fecha_Adqui|Fecha_Publ,
GEOSP-TRN-002627_GS_ORTOFOTO_EM3_14-05-2026.tif,CL_MLP_PAO_IF_Ortho_26_05_14_EM3,\\amssclgis10.ams.gmams.cl\CL_MLP_PAO\Chacay_El_Mauro_Drone\26_05\CL_MLP_PAO_IF_Ortho_26_05_14_EM3.tif,ok,\\amssclgis10.ams.gmams.cl\CL_MLP_PAO\Vuelos_Drone_Sin_Procesar\INPUT\20260519_Geosupport\SOLO_TIF_19May26\GEOSP-TRN-002627_GS_ORTOFOTO_EM3_14-05-2026.tif,copied,,added,,built,,updated,1,Fecha_Adqui|Fecha_Publ,
GEOSP-TRN-002629_GS_ORTOFOTO_Camino alternativo Salamanca_ (Prioridad 22)_14_05_26.tif,CL_MLP_PAO_IF_Ortho_26_05_14_Camino_Alternativo_Salamanca,\\amssclgis10.ams.gmams.cl\CL_MLP_PAO\El_Mauro_Drone\26_05\CL_MLP_PAO_IF_Ortho_26_05_14_Camino_Alternativo_Salamanca.tif,ok,\\amssclgis10.ams.gmams.cl\CL_MLP_PAO\Vuelos_Drone_Sin_Procesar\INPUT\20260519_Geosupport\SOLO_TIF_19May26\GEOSP-TRN-002629_GS_ORTOFOTO_Camino alternativo Salamanca_ (Prioridad 22)_14_05_26.tif,copied,,added,,built,,updated,1,Fecha_Adqui|Fecha_Publ,
GEOSP-TRN-002630_GD_ORTOFOTO_Tramo 2 linea 22 KV E-35 - E48_14-05-2026.tif,CL_MLP_PAO_IF_Ortho_26_05_14_TORRES_E31_A_E48_PV4-1,\\amssclgis10.ams.gmams.cl\CL_MLP_PAO\Chacay_El_Mauro_Drone\26_05\CL_MLP_PAO_IF_Ortho_26_05_14_TORRES_E31_A_E48_PV4-1.tif,ok,\\amssclgis10.ams.gmams.cl\CL_MLP_PAO\Vuelos_Drone_Sin_Procesar\INPUT\20260519_Geosupport\SOLO_TIF_19May26\GEOSP-TRN-002630_GD_ORTOFOTO_Tramo 2 linea 22 KV E-35 - E48_14-05-2026.tif,copied,,added,,built,,updated,1,Fecha_Adqui|Fecha_Publ,
GEOSP-TRN-002631_GS_ORTOFOTO_EM4_14-05-2026.tif,CL_MLP_PAO_IF_Ortho_26_05_14_Subestacion-El-Mauro_A_E35,\\amssclgis10.ams.gmams.cl\CL_MLP_PAO\El_Mauro_Drone\26_05\CL_MLP_PAO_IF_Ortho_26_05_14_Subestacion-El-Mauro_A_E35.tif,ok,\\amssclgis10.ams.gmams.cl\CL_MLP_PAO\Vuelos_Drone_Sin_Procesar\INPUT\20260519_Geosupport\SOLO_TIF_19May26\GEOSP-TRN-002631_GS_ORTOFOTO_EM4_14-05-2026.tif,copied,,added,,built,,updated,1,Fecha_Adqui|Fecha_Publ,
GEOSP-TRN-002635_GS_ORTOFOTO_HELIPUERTO MAURO_150526.tif,CL_MLP_PAO_IF_Ortho_26_05_15_Helipuerto-1,\\amssclgis10.ams.gmams.cl\CL_MLP_PAO\El_Mauro_Drone\26_05\CL_MLP_PAO_IF_Ortho_26_05_15_Helipuerto-1.tif,ok,\\amssclgis10.ams.gmams.cl\CL_MLP_PAO\Vuelos_Drone_Sin_Procesar\INPUT\20260519_Geosupport\SOLO_TIF_19May26\GEOSP-TRN-002635_GS_ORTOFOTO_HELIPUERTO MAURO_150526.tif,copied,,added,,built,,updated,1,Fecha_Adqui|Fecha_Publ,
GEOSP-TRN-002636_GS_ORTOFOTO_HELIPUERTO MAURO_150526.tif,CL_MLP_PAO_IF_Ortho_26_05_15_Helipuerto-2,\\amssclgis10.ams.gmams.cl\CL_MLP_PAO\El_Mauro_Drone\26_05\CL_MLP_PAO_IF_Ortho_26_05_15_Helipuerto-2.tif,ok,\\amssclgis10.ams.gmams.cl\CL_MLP_PAO\Vuelos_Drone_Sin_Procesar\INPUT\20260519_Geosupport\SOLO_TIF_19May26\GEOSP-TRN-002636_GS_ORTOFOTO_HELIPUERTO MAURO_150526.tif,copied,,added,,built,,updated,1,Fecha_Adqui|Fecha_Publ,
GEOSP-TRN-002642_GS_ORTOFOTO_EV1_15-05-2026.tif,CL_MLP_PAO_IF_Ortho_26_05_15_EV1,\\amssclgis10.ams.gmams.cl\CL_MLP_PAO\Chacay_El_Mauro_Drone\26_05\CL_MLP_PAO_IF_Ortho_26_05_15_EV1.tif,ok,\\amssclgis10.ams.gmams.cl\CL_MLP_PAO\Vuelos_Drone_Sin_Procesar\INPUT\20260519_Geosupport\SOLO_TIF_19May26\GEOSP-TRN-002642_GS_ORTOFOTO_EV1_15-05-2026.tif,copied,,added,,built,,updated,1,Fecha_Adqui|Fecha_Publ,
GEOSP-TRN-002643_GS_Ortofoto_Estacion Cabecera (Prioridad 25)_15_05_26.tif,CL_MLP_PAO_IF_Ortho_26_05_15_Estacion_Cabecera,\\amssclgis10.ams.gmams.cl\CL_MLP_PAO\Chacay_Drone\26_05\CL_MLP_PAO_IF_Ortho_26_05_15_Estacion_Cabecera.tif,ok,\\amssclgis10.ams.gmams.cl\CL_MLP_PAO\Vuelos_Drone_Sin_Procesar\INPUT\20260519_Geosupport\SOLO_TIF_19May26\GEOSP-TRN-002643_GS_Ortofoto_Estacion Cabecera (Prioridad 25)_15_05_26.tif,copied,,added,,built,,updated,1,Fecha_Adqui|Fecha_Publ,
GEOSP-TRN-002647_GS_ORTOFOTO_TORRES E48 A E84_16-05-2026.tif,CL_MLP_PAO_IF_Ortho_26_05_16_TORRES_E48_A_E84_PV4,\\amssclgis10.ams.gmams.cl\CL_MLP_PAO\Chacay_El_Mauro_Drone\26_05\CL_MLP_PAO_IF_Ortho_26_05_16_TORRES_E48_A_E84_PV4.tif,ok,\\amssclgis10.ams.gmams.cl\CL_MLP_PAO\Vuelos_Drone_Sin_Procesar\INPUT\20260519_Geosupport\SOLO_TIF_19May26\GEOSP-TRN-002647_GS_ORTOFOTO_TORRES E48 A E84_16-05-2026.tif,copied,,added,,built,,updated,1,Fecha_Adqui|Fecha_Publ,
GEOSP-TRN-002652_GS_ORTOFOTO_EV2_170526.tif,CL_MLP_PAO_IF_Ortho_26_05_17_EV2,\\amssclgis10.ams.gmams.cl\CL_MLP_PAO\El_Mauro_Puerto_Punta_Chungo_Drone\26_05\CL_MLP_PAO_IF_Ortho_26_05_17_EV2.tif,ok,\\amssclgis10.ams.gmams.cl\CL_MLP_PAO\Vuelos_Drone_Sin_Procesar\INPUT\20260519_Geosupport\SOLO_TIF_19May26\GEOSP-TRN-002652_GS_ORTOFOTO_EV2_170526.tif,copied,,added,,built,,updated,1,Fecha_Adqui|Fecha_Publ,
GEOSP-TRN-002655_GS_ORTOFOTO_EDT_17-05-2026.tif,CL_MLP_PAO_IF_Ortho_26_05_17_EDT,\\amssclgis10.ams.gmams.cl\CL_MLP_PAO\Puerto_Punta_Chungo_Drone\26_05\CL_MLP_PAO_IF_Ortho_26_05_17_EDT.tif,ok,\\amssclgis10.ams.gmams.cl\CL_MLP_PAO\Vuelos_Drone_Sin_Procesar\INPUT\20260519_Geosupport\SOLO_TIF_19May26\GEOSP-TRN-002655_GS_ORTOFOTO_EDT_17-05-2026.tif,copied,,added,,built,,updated,1,Fecha_Adqui|Fecha_Publ,
GEOSP-TRN-002656_GD_ORTOFOTO_Tramo 2 linea 22 KV E-35 - E48_14-05-2026.tif,CL_MLP_PAO_IF_Ortho_26_05_14_TORRES_E31_A_E48_PV4-2,\\amssclgis10.ams.gmams.cl\CL_MLP_PAO\Chacay_El_Mauro_Drone\26_05\CL_MLP_PAO_IF_Ortho_26_05_14_TORRES_E31_A_E48_PV4-2.tif,ok,\\amssclgis10.ams.gmams.cl\CL_MLP_PAO\Vuelos_Drone_Sin_Procesar\INPUT\20260519_Geosupport\SOLO_TIF_19May26\GEOSP-TRN-002656_GD_ORTOFOTO_Tramo 2 linea 22 KV E-35 - E48_14-05-2026.tif,copied,,added,,built,,updated,1,Fecha_Adqui|Fecha_Publ,
GEOSP-TRN-002660_GS_ORTOFOTO_EM1_150526.tif,CL_MLP_PAO_IF_Ortho_26_05_15_EM1,\\amssclgis10.ams.gmams.cl\CL_MLP_PAO\Chacay_Drone\26_05\CL_MLP_PAO_IF_Ortho_26_05_15_EM1.tif,ok,\\amssclgis10.ams.gmams.cl\CL_MLP_PAO\Vuelos_Drone_Sin_Procesar\INPUT\20260519_Geosupport\SOLO_TIF_19May26\GEOSP-TRN-002660_GS_ORTOFOTO_EM1_150526.tif,copied,,added,,built,,updated,1,Fecha_Adqui|Fecha_Publ,
