Name,old,new
CL_MLP_PAO_IF_Ortho_26_01_17_MonteAranda-NSTC-Km-84p2-a-82p3,165_26_01_17_MonteAranda-NSTC-Km-84p2-a-82p3,169_26_01_17_MonteAranda-NSTC-Km-84p2-a-82p3
CL_MLP_PAO_IF_Ortho_26_03_13_MonteAranda-NSTC-Km-84p2-a-82p3,273_26_03_13_MonteAranda-NSTC-Km-84p2-a-82p3,282_26_03_13_MonteAranda-NSTC-Km-84p2-a-82p3
CL_MLP_PAO_IF_Ortho_26_03_22_MonteAranda-NSTC-Km-84p2-a-82p3,299_26_03_22_MonteAranda-NSTC-Km-84p2-a-82p3,308_26_03_22_MonteAranda-NSTC-Km-84p2-a-82p3
CL_MLP_PAO_IF_Ortho_26_05_09_EDT,450_26_05_09_EDT,474_26_05_09_EDT
CL_MLP_PAO_IF_Ortho_26_03_27_MonteAranda-NSTC-Km-84p2-a-82p3,313_26_03_27_MonteAranda-NSTC-Km-84p2-a-82p3,322_26_03_27_MonteAranda-NSTC-Km-84p2-a-82p3
CL_MLP_PAO_IF_Ortho_26_04_04_MonteAranda-NSTC-Km-84p2-a-82p3,342_26_04_04_MonteAranda-NSTC-Km-84p2-a-82p3,351_26_04_04_MonteAranda-NSTC-Km-84p2-a-82p3
CL_MLP_PAO_IF_Ortho_26_05_06_TORRE_E85_A_E_125,438_26_05_06_TORRE_E85_A_E_125,454_26_05_06_TORRE_E85_A_E_125
CL_MLP_PAO_IF_Ortho_25_12_28_MonteAranda-NSTC-Km-84p2-a-82p3,,146_25_12_28_MonteAranda-NSTC-Km-84p2-a-82p3
CL_MLP_PAO_IF_Ortho_25_12_10_MonteAranda-NSTC-Km-84p2-a-82p3,,142_25_12_10_MonteAranda-NSTC-Km-84p2-a-82p3
CL_MLP_PAO_IF_Ortho_25_12_20_MonteAranda-NSTC-Km-84p2-a-82p3,,144_25_12_20_MonteAranda-NSTC-Km-84p2-a-82p3
CL_MLP_PAO_IF_Ortho_26_01_03_MonteAranda-NSTC-Km-84p2-a-82p3,,149_26_01_03_MonteAranda-NSTC-Km-84p2-a-82p3
CL_MLP_PAO_IF_Ortho_26_01_23_MonteAranda-NSTC-Km-84p2-a-82p3,,177_26_01_23_MonteAranda-NSTC-Km-84p2-a-82p3
CL_MLP_PAO_IF_Ortho_26_02_04_MonteAranda-NSTC-Km-84p2-a-82p3,,190_26_02_04_MonteAranda-NSTC-Km-84p2-a-82p3
CL_MLP_PAO_IF_Ortho_26_02_20_MonteAranda-NSTC-Km-84p2-a-82p3,,229_26_02_20_MonteAranda-NSTC-Km-84p2-a-82p3
CL_MLP_PAO_IF_Ortho_26_02_26_MonteAranda-NSTC-Km-84p2-a-82p3,,245_26_02_26_MonteAranda-NSTC-Km-84p2-a-82p3
CL_MLP_PAO_IF_Ortho_26_03_07_MonteAranda-NSTC-Km-84p2-a-82p3,,266_26_03_07_MonteAranda-NSTC-Km-84p2-a-82p3
CL_MLP_PAO_IF_Ortho_26_04_12_MonteAranda-NSTC-Km-84p2-a-82p3,,380_26_04_12_MonteAranda-NSTC-Km-84p2-a-82p3
CL_MLP_PAO_IF_Ortho_26_04_19_MonteAranda-NSTC-Km-84p2-a-82p3,,410_26_04_19_MonteAranda-NSTC-Km-84p2-a-82p3
CL_MLP_PAO_IF_Ortho_26_04_26_MonteAranda-NSTC-Km-84p2-a-82p3,,426_26_04_26_MonteAranda-NSTC-Km-84p2-a-82p3
CL_MLP_PAO_IF_Ortho_26_04_30_Subestacion-El-Mauro_A_E35-1,,429_26_04_30_Subestacion-El-Mauro_A_E35
CL_MLP_PAO_IF_Ortho_26_04_30_Subestacion-El-Mauro_A_E35-2,,430_26_04_30_Subestacion-El-Mauro_A_E35
CL_MLP_PAO_IF_Ortho_26_05_01_Chacay_El_Mauro_Drone,,433_26_05_01_Chacay_El_Mauro_Drone
CL_MLP_PAO_IF_Ortho_26_05_02_MonteAranda-NSTC-Km-84p2-a-82p3,,442_26_05_02_MonteAranda-NSTC-Km-84p2-a-82p3
CL_MLP_PAO_IF_Ortho_26_05_08_Orejas17_Ruta-D-865,,469_26_05_08_Orejas17_Ruta-D-865
CL_MLP_PAO_IF_Ortho_26_05_07_TORRES_E48_A_E84_PV4-1,,461_26_05_07_TORRES_E48_A_E84_PV4
CL_MLP_PAO_IF_Ortho_26_05_08_DME_13,,465_26_05_08_DME_13
CL_MLP_PAO_IF_Ortho_26_05_08_SRA-2-km-56p1-a-57p7-Area-2,,471_26_05_08_SRA-2-km-56p1-a-57p7-Area-2
CL_MLP_PAO_IF_Ortho_26_05_08_NSTC_km_4p4_a_7p0,,468_26_05_08_NSTC_km_4p4_a_7p0
CL_MLP_PAO_IF_Ortho_26_05_08_Chacay_El_Mauro_Drone,,464_26_05_08_Chacay_El_Mauro_Drone
CL_MLP_PAO_IF_Ortho_26_05_07_TORRES_E48_A_E84_PV4-2,,462_26_05_07_TORRES_E48_A_E84_PV4
CL_MLP_PAO_IF_Ortho_26_05_08_SRA_2_km_54p6_a_56p1_Area-1,,472_26_05_08_SRA_2_km_54p6_a_56p1_Area-1
