file_name,stem,extension,path,relative_path,size_mb,modified_at,match_key,exists_in_mosaic,expected_name,expected_file_name,expected_stem,expected_date_token,expected_sector,expected_sector_candidates,expected_stem_candidates,rename_status,expected_name_exists_in_mosaic,matched_mosaic_source_field,matched_mosaic_path,matched_mosaic_file_name,matched_mosaic_stem,load_status
GEOSP-TRN-001492_GS_ORTOFOTO_Estacion de bombeo n°2.tif,GEOSP-TRN-001492_GS_ORTOFOTO_Estacion de bombeo n°2,.tif,\\amssclgis10.ams.gmams.cl\CL_MLP_PAO\Vuelos_Drone_Sin_Procesar\INPUT\20260206_Geosupport_primera entrega\SOLO_TIF_02Jun26\GEOSP-TRN-001492_GS_ORTOFOTO_Estacion de bombeo n°2.tif,20260206_Geosupport_primera entrega\SOLO_TIF_02Jun26\GEOSP-TRN-001492_GS_ORTOFOTO_Estacion de bombeo n°2.tif,155.039,2026-06-11 10:38:02,\\amssclgis10.ams.gmams.cl\cl_mlp_pao\vuelos_drone_sin_procesar\input\20260206_geosupport_primera entrega\solo_tif_02jun26\geosp-trn-001492_gs_ortofoto_estacion de bombeo n°2.tif,False,,,,,,,,sin_fecha,False,,,,,sin_fecha
GEOSP-TRN-001784_GS_ORTOFOTO_Estacion de bombeo n°2.tif,GEOSP-TRN-001784_GS_ORTOFOTO_Estacion de bombeo n°2,.tif,\\amssclgis10.ams.gmams.cl\CL_MLP_PAO\Vuelos_Drone_Sin_Procesar\INPUT\20260206_Geosupport_primera entrega\SOLO_TIF_02Jun26\GEOSP-TRN-001784_GS_ORTOFOTO_Estacion de bombeo n°2.tif,20260206_Geosupport_primera entrega\SOLO_TIF_02Jun26\GEOSP-TRN-001784_GS_ORTOFOTO_Estacion de bombeo n°2.tif,96.611,2026-06-11 10:38:11,\\amssclgis10.ams.gmams.cl\cl_mlp_pao\vuelos_drone_sin_procesar\input\20260206_geosupport_primera entrega\solo_tif_02jun26\geosp-trn-001784_gs_ortofoto_estacion de bombeo n°2.tif,False,,,,,,,,sin_fecha,False,,,,,sin_fecha
GEOSP-TRN-001975_GS_ORTOFOTO_Estacion de bombeo n°2.tif,GEOSP-TRN-001975_GS_ORTOFOTO_Estacion de bombeo n°2,.tif,\\amssclgis10.ams.gmams.cl\CL_MLP_PAO\Vuelos_Drone_Sin_Procesar\INPUT\20260206_Geosupport_primera entrega\SOLO_TIF_02Jun26\GEOSP-TRN-001975_GS_ORTOFOTO_Estacion de bombeo n°2.tif,20260206_Geosupport_primera entrega\SOLO_TIF_02Jun26\GEOSP-TRN-001975_GS_ORTOFOTO_Estacion de bombeo n°2.tif,147.604,2026-06-11 10:38:18,\\amssclgis10.ams.gmams.cl\cl_mlp_pao\vuelos_drone_sin_procesar\input\20260206_geosupport_primera entrega\solo_tif_02jun26\geosp-trn-001975_gs_ortofoto_estacion de bombeo n°2.tif,False,,,,,,,,sin_fecha,False,,,,,sin_fecha
GEOSP-TRN-002200_ORTOFOTO COMPLETA.tif,GEOSP-TRN-002200_ORTOFOTO COMPLETA,.tif,\\amssclgis10.ams.gmams.cl\CL_MLP_PAO\Vuelos_Drone_Sin_Procesar\INPUT\20260206_Geosupport_primera entrega\SOLO_TIF_02Jun26\GEOSP-TRN-002200_ORTOFOTO COMPLETA.tif,20260206_Geosupport_primera entrega\SOLO_TIF_02Jun26\GEOSP-TRN-002200_ORTOFOTO COMPLETA.tif,29.916,2026-06-11 10:38:35,\\amssclgis10.ams.gmams.cl\cl_mlp_pao\vuelos_drone_sin_procesar\input\20260206_geosupport_primera entrega\solo_tif_02jun26\geosp-trn-002200_ortofoto completa.tif,False,,,,,,,,sin_fecha,False,,,,,sin_fecha
GEOSP-TRN-002300_ortofoto completa.tif,GEOSP-TRN-002300_ortofoto completa,.tif,\\amssclgis10.ams.gmams.cl\CL_MLP_PAO\Vuelos_Drone_Sin_Procesar\INPUT\20260206_Geosupport_primera entrega\SOLO_TIF_02Jun26\GEOSP-TRN-002300_ortofoto completa.tif,20260206_Geosupport_primera entrega\SOLO_TIF_02Jun26\GEOSP-TRN-002300_ortofoto completa.tif,50.335,2026-06-11 10:38:43,\\amssclgis10.ams.gmams.cl\cl_mlp_pao\vuelos_drone_sin_procesar\input\20260206_geosupport_primera entrega\solo_tif_02jun26\geosp-trn-002300_ortofoto completa.tif,False,,,,,,,,sin_fecha,False,,,,,sin_fecha
GEOSP-TRN-002504_1001-03-T-CS-202-4310-C-DW-23478[000].tif,GEOSP-TRN-002504_1001-03-T-CS-202-4310-C-DW-23478[000],.tif,\\amssclgis10.ams.gmams.cl\CL_MLP_PAO\Vuelos_Drone_Sin_Procesar\INPUT\20260206_Geosupport_primera entrega\SOLO_TIF_02Jun26\GEOSP-TRN-002504_1001-03-T-CS-202-4310-C-DW-23478[000].tif,20260206_Geosupport_primera entrega\SOLO_TIF_02Jun26\GEOSP-TRN-002504_1001-03-T-CS-202-4310-C-DW-23478[000].tif,41.831,2026-06-11 10:38:54,\\amssclgis10.ams.gmams.cl\cl_mlp_pao\vuelos_drone_sin_procesar\input\20260206_geosupport_primera entrega\solo_tif_02jun26\geosp-trn-002504_1001-03-t-cs-202-4310-c-dw-23478[000].tif,False,,,,,,,,descartar_posible_plano,False,,,,,descartar_posible_plano
GEOSP-TRN-002517_1001-03-T-CS-202-5600-C-DW-11486[000].tif,GEOSP-TRN-002517_1001-03-T-CS-202-5600-C-DW-11486[000],.tif,\\amssclgis10.ams.gmams.cl\CL_MLP_PAO\Vuelos_Drone_Sin_Procesar\INPUT\20260206_Geosupport_primera entrega\SOLO_TIF_02Jun26\GEOSP-TRN-002517_1001-03-T-CS-202-5600-C-DW-11486[000].tif,20260206_Geosupport_primera entrega\SOLO_TIF_02Jun26\GEOSP-TRN-002517_1001-03-T-CS-202-5600-C-DW-11486[000].tif,128.886,2026-06-11 10:39:03,\\amssclgis10.ams.gmams.cl\cl_mlp_pao\vuelos_drone_sin_procesar\input\20260206_geosupport_primera entrega\solo_tif_02jun26\geosp-trn-002517_1001-03-t-cs-202-5600-c-dw-11486[000].tif,False,,,,,,,,descartar_posible_plano,False,,,,,descartar_posible_plano
GEOSP-TRN-002551_1001-03-T-CS-202-5600-C-DW-11490[000].tif,GEOSP-TRN-002551_1001-03-T-CS-202-5600-C-DW-11490[000],.tif,\\amssclgis10.ams.gmams.cl\CL_MLP_PAO\Vuelos_Drone_Sin_Procesar\INPUT\20260206_Geosupport_primera entrega\SOLO_TIF_02Jun26\GEOSP-TRN-002551_1001-03-T-CS-202-5600-C-DW-11490[000].tif,20260206_Geosupport_primera entrega\SOLO_TIF_02Jun26\GEOSP-TRN-002551_1001-03-T-CS-202-5600-C-DW-11490[000].tif,37.785,2026-06-11 10:39:07,\\amssclgis10.ams.gmams.cl\cl_mlp_pao\vuelos_drone_sin_procesar\input\20260206_geosupport_primera entrega\solo_tif_02jun26\geosp-trn-002551_1001-03-t-cs-202-5600-c-dw-11490[000].tif,False,,,,,,,,descartar_posible_plano,False,,,,,descartar_posible_plano
GEOSP-TRN-002562_1001-03-T-CS-202-5600-C-DW-11492[000].tif,GEOSP-TRN-002562_1001-03-T-CS-202-5600-C-DW-11492[000],.tif,\\amssclgis10.ams.gmams.cl\CL_MLP_PAO\Vuelos_Drone_Sin_Procesar\INPUT\20260206_Geosupport_primera entrega\SOLO_TIF_02Jun26\GEOSP-TRN-002562_1001-03-T-CS-202-5600-C-DW-11492[000].tif,20260206_Geosupport_primera entrega\SOLO_TIF_02Jun26\GEOSP-TRN-002562_1001-03-T-CS-202-5600-C-DW-11492[000].tif,47.647,2026-06-11 10:39:08,\\amssclgis10.ams.gmams.cl\cl_mlp_pao\vuelos_drone_sin_procesar\input\20260206_geosupport_primera entrega\solo_tif_02jun26\geosp-trn-002562_1001-03-t-cs-202-5600-c-dw-11492[000].tif,False,,,,,,,,descartar_posible_plano,False,,,,,descartar_posible_plano
GEOSP-TRN-002566_1001-03-T-CS-202-5600-C-DW-11494[000].tif,GEOSP-TRN-002566_1001-03-T-CS-202-5600-C-DW-11494[000],.tif,\\amssclgis10.ams.gmams.cl\CL_MLP_PAO\Vuelos_Drone_Sin_Procesar\INPUT\20260206_Geosupport_primera entrega\SOLO_TIF_02Jun26\GEOSP-TRN-002566_1001-03-T-CS-202-5600-C-DW-11494[000].tif,20260206_Geosupport_primera entrega\SOLO_TIF_02Jun26\GEOSP-TRN-002566_1001-03-T-CS-202-5600-C-DW-11494[000].tif,62.129,2026-06-11 10:39:10,\\amssclgis10.ams.gmams.cl\cl_mlp_pao\vuelos_drone_sin_procesar\input\20260206_geosupport_primera entrega\solo_tif_02jun26\geosp-trn-002566_1001-03-t-cs-202-5600-c-dw-11494[000].tif,False,,,,,,,,descartar_posible_plano,False,,,,,descartar_posible_plano
GEOSP-TRN-002577_1001-03-T-CS-202-5600-C-DW-11500[000].tif,GEOSP-TRN-002577_1001-03-T-CS-202-5600-C-DW-11500[000],.tif,\\amssclgis10.ams.gmams.cl\CL_MLP_PAO\Vuelos_Drone_Sin_Procesar\INPUT\20260206_Geosupport_primera entrega\SOLO_TIF_02Jun26\GEOSP-TRN-002577_1001-03-T-CS-202-5600-C-DW-11500[000].tif,20260206_Geosupport_primera entrega\SOLO_TIF_02Jun26\GEOSP-TRN-002577_1001-03-T-CS-202-5600-C-DW-11500[000].tif,2.235,2026-06-11 10:39:21,\\amssclgis10.ams.gmams.cl\cl_mlp_pao\vuelos_drone_sin_procesar\input\20260206_geosupport_primera entrega\solo_tif_02jun26\geosp-trn-002577_1001-03-t-cs-202-5600-c-dw-11500[000].tif,False,,,,,,,,descartar_posible_plano,False,,,,,descartar_posible_plano
GEOSP-TRN-002580_GS_Ortofoto Deposito Patio Pulmon.tif,GEOSP-TRN-002580_GS_Ortofoto Deposito Patio Pulmon,.tif,\\amssclgis10.ams.gmams.cl\CL_MLP_PAO\Vuelos_Drone_Sin_Procesar\INPUT\20260206_Geosupport_primera entrega\SOLO_TIF_02Jun26\GEOSP-TRN-002580_GS_Ortofoto Deposito Patio Pulmon.tif,20260206_Geosupport_primera entrega\SOLO_TIF_02Jun26\GEOSP-TRN-002580_GS_Ortofoto Deposito Patio Pulmon.tif,36.005,2026-06-11 10:39:24,\\amssclgis10.ams.gmams.cl\cl_mlp_pao\vuelos_drone_sin_procesar\input\20260206_geosupport_primera entrega\solo_tif_02jun26\geosp-trn-002580_gs_ortofoto deposito patio pulmon.tif,False,,,,,,,,sin_fecha,False,,,,,sin_fecha
GEOSP-TRN-002587_1001-03-T-CS-202-5600-C-DW-11504[000].tif,GEOSP-TRN-002587_1001-03-T-CS-202-5600-C-DW-11504[000],.tif,\\amssclgis10.ams.gmams.cl\CL_MLP_PAO\Vuelos_Drone_Sin_Procesar\INPUT\20260206_Geosupport_primera entrega\SOLO_TIF_02Jun26\GEOSP-TRN-002587_1001-03-T-CS-202-5600-C-DW-11504[000].tif,20260206_Geosupport_primera entrega\SOLO_TIF_02Jun26\GEOSP-TRN-002587_1001-03-T-CS-202-5600-C-DW-11504[000].tif,11.14,2026-06-11 10:39:24,\\amssclgis10.ams.gmams.cl\cl_mlp_pao\vuelos_drone_sin_procesar\input\20260206_geosupport_primera entrega\solo_tif_02jun26\geosp-trn-002587_1001-03-t-cs-202-5600-c-dw-11504[000].tif,False,,,,,,,,descartar_posible_plano,False,,,,,descartar_posible_plano
GEOSP-TRN-002588_1001-03-T-CS-202-5600-C-DW-11502[000].tif,GEOSP-TRN-002588_1001-03-T-CS-202-5600-C-DW-11502[000],.tif,\\amssclgis10.ams.gmams.cl\CL_MLP_PAO\Vuelos_Drone_Sin_Procesar\INPUT\20260206_Geosupport_primera entrega\SOLO_TIF_02Jun26\GEOSP-TRN-002588_1001-03-T-CS-202-5600-C-DW-11502[000].tif,20260206_Geosupport_primera entrega\SOLO_TIF_02Jun26\GEOSP-TRN-002588_1001-03-T-CS-202-5600-C-DW-11502[000].tif,5.468,2026-06-11 10:39:25,\\amssclgis10.ams.gmams.cl\cl_mlp_pao\vuelos_drone_sin_procesar\input\20260206_geosupport_primera entrega\solo_tif_02jun26\geosp-trn-002588_1001-03-t-cs-202-5600-c-dw-11502[000].tif,False,,,,,,,,descartar_posible_plano,False,,,,,descartar_posible_plano
GEOSP-TRN-002590_1001-03-T-CS-202-5600-C-DW-11506[000].tif,GEOSP-TRN-002590_1001-03-T-CS-202-5600-C-DW-11506[000],.tif,\\amssclgis10.ams.gmams.cl\CL_MLP_PAO\Vuelos_Drone_Sin_Procesar\INPUT\20260206_Geosupport_primera entrega\SOLO_TIF_02Jun26\GEOSP-TRN-002590_1001-03-T-CS-202-5600-C-DW-11506[000].tif,20260206_Geosupport_primera entrega\SOLO_TIF_02Jun26\GEOSP-TRN-002590_1001-03-T-CS-202-5600-C-DW-11506[000].tif,3.543,2026-06-11 10:39:26,\\amssclgis10.ams.gmams.cl\cl_mlp_pao\vuelos_drone_sin_procesar\input\20260206_geosupport_primera entrega\solo_tif_02jun26\geosp-trn-002590_1001-03-t-cs-202-5600-c-dw-11506[000].tif,False,,,,,,,,descartar_posible_plano,False,,,,,descartar_posible_plano
GEOSP-TRN-002630_GD_ORTOFOTO_Tramo 2 linea 22 KV E-35 - E48_14-05-2026.tif,GEOSP-TRN-002630_GD_ORTOFOTO_Tramo 2 linea 22 KV E-35 - E48_14-05-2026,.tif,\\amssclgis10.ams.gmams.cl\CL_MLP_PAO\Vuelos_Drone_Sin_Procesar\INPUT\20260519_Geosupport\SOLO_TIF_19May26\GEOSP-TRN-002630_GD_ORTOFOTO_Tramo 2 linea 22 KV E-35 - E48_14-05-2026.tif,20260519_Geosupport\SOLO_TIF_19May26\GEOSP-TRN-002630_GD_ORTOFOTO_Tramo 2 linea 22 KV E-35 - E48_14-05-2026.tif,650.561,2026-06-05 11:47:29,\\amssclgis10.ams.gmams.cl\cl_mlp_pao\vuelos_drone_sin_procesar\input\20260519_geosupport\solo_tif_19may26\geosp-trn-002630_gd_ortofoto_tramo 2 linea 22 kv e-35 - e48_14-05-2026.tif,False,,,,,,,,sin_fecha,False,,,,,sin_fecha
GEOSP-TRN-002647_GS_ORTOFOTO_TORRES E48 A E84_16-05-2026.tif,GEOSP-TRN-002647_GS_ORTOFOTO_TORRES E48 A E84_16-05-2026,.tif,\\amssclgis10.ams.gmams.cl\CL_MLP_PAO\Vuelos_Drone_Sin_Procesar\INPUT\20260519_Geosupport\SOLO_TIF_19May26\GEOSP-TRN-002647_GS_ORTOFOTO_TORRES E48 A E84_16-05-2026.tif,20260519_Geosupport\SOLO_TIF_19May26\GEOSP-TRN-002647_GS_ORTOFOTO_TORRES E48 A E84_16-05-2026.tif,1225.743,2026-06-05 11:48:16,\\amssclgis10.ams.gmams.cl\cl_mlp_pao\vuelos_drone_sin_procesar\input\20260519_geosupport\solo_tif_19may26\geosp-trn-002647_gs_ortofoto_torres e48 a e84_16-05-2026.tif,False,,,,,,,,sin_fecha,False,,,,,sin_fecha
GEOSP-TRN-002656_GD_ORTOFOTO_Tramo 2 linea 22 KV E-35 - E48_14-05-2026.tif,GEOSP-TRN-002656_GD_ORTOFOTO_Tramo 2 linea 22 KV E-35 - E48_14-05-2026,.tif,\\amssclgis10.ams.gmams.cl\CL_MLP_PAO\Vuelos_Drone_Sin_Procesar\INPUT\20260519_Geosupport\SOLO_TIF_19May26\GEOSP-TRN-002656_GD_ORTOFOTO_Tramo 2 linea 22 KV E-35 - E48_14-05-2026.tif,20260519_Geosupport\SOLO_TIF_19May26\GEOSP-TRN-002656_GD_ORTOFOTO_Tramo 2 linea 22 KV E-35 - E48_14-05-2026.tif,650.561,2026-06-05 11:48:35,\\amssclgis10.ams.gmams.cl\cl_mlp_pao\vuelos_drone_sin_procesar\input\20260519_geosupport\solo_tif_19may26\geosp-trn-002656_gd_ortofoto_tramo 2 linea 22 kv e-35 - e48_14-05-2026.tif,False,,,,,,,,sin_fecha,False,,,,,sin_fecha
GEOSP-TRN-002665_ORTOFOTO_LINEA 33KV E-085-E125 ( Prioridad 7)_16_16_05_26.tif,GEOSP-TRN-002665_ORTOFOTO_LINEA 33KV E-085-E125 ( Prioridad 7)_16_16_05_26,.tif,\\amssclgis10.ams.gmams.cl\CL_MLP_PAO\Vuelos_Drone_Sin_Procesar\INPUT\20260519_Geosupport\SOLO_TIF_19May26\GEOSP-TRN-002665_ORTOFOTO_LINEA 33KV E-085-E125 ( Prioridad 7)_16_16_05_26.tif,20260519_Geosupport\SOLO_TIF_19May26\GEOSP-TRN-002665_ORTOFOTO_LINEA 33KV E-085-E125 ( Prioridad 7)_16_16_05_26.tif,1158.81,2026-06-05 11:49:09,\\amssclgis10.ams.gmams.cl\cl_mlp_pao\vuelos_drone_sin_procesar\input\20260519_geosupport\solo_tif_19may26\geosp-trn-002665_ortofoto_linea 33kv e-085-e125 ( prioridad 7)_16_16_05_26.tif,False,,,,,,,,sin_fecha,False,,,,,sin_fecha
